{"type": "FeatureCollection", "features": [{"type": "Feature", "properties": {"name": "Krishna"}, "geometry": {"type": "MultiLineString", "coordinates": [[[78.997162, 16.230292], [79.00644, 16.237738], [79.021658, 16.247138], [79.042898, 16.245673], [79.091563, 16.228827], [79.110281, 16.231269], [79.136322, 16.227851], [79.160574, 16.219346], [79.184093, 16.221015], [79.201427, 16.228624], [79.210053, 16.236599], [79.214773, 16.244493], [79.221202, 16.265489], [79.226573, 16.289496], [79.229015, 16.310492], [79.233409, 16.330512], [79.229991, 16.341742], [79.218761, 16.360907], [79.211518, 16.377265], [79.208263, 16.388699], [79.21046, 16.40823], [79.214773, 16.429714], [79.2199, 16.473334], [79.213471, 16.493232], [79.217377, 16.504462], [79.233409, 16.523627], [79.247813, 16.554023], [79.265636, 16.569607], [79.283621, 16.575222], [79.298757, 16.57807], [79.313406, 16.579372]]]}}, {"type": "Feature", "properties": {"name": "Krishna"}, "geometry": {"type": "MultiLineString", "coordinates": [[[73.796397, 17.991807], [73.839285, 17.982733], [73.856049, 17.976182], [73.931407, 17.910264], [73.947276, 17.888129], [73.964366, 17.849392], [73.97462, 17.816759], [73.983165, 17.804877], [74.036062, 17.765245], [74.042247, 17.746609], [74.04599, 17.703192], [74.053722, 17.686469], [74.072032, 17.671942], [74.110281, 17.653917], [74.125418, 17.641791], [74.139415, 17.614814], [74.146088, 17.578966], [74.142507, 17.5421], [74.125418, 17.51203], [74.108816, 17.501085], [74.09669, 17.497382], [74.090343, 17.490546], [74.091319, 17.470404], [74.09433, 17.461453], [74.103119, 17.444607], [74.104991, 17.432563], [74.10377, 17.410753], [74.104584, 17.399482], [74.108409, 17.391628], [74.177664, 17.304145], [74.204845, 17.292304], [74.20989, 17.281602], [74.19337, 17.234687], [74.198171, 17.224066], [74.203136, 17.221137], [74.211436, 17.213975], [74.219005, 17.205105], [74.22169, 17.196723], [74.217296, 17.189032], [74.208425, 17.183539], [74.187511, 17.176215], [74.203217, 17.154364], [74.234304, 17.13703], [74.26946, 17.12873], [74.297374, 17.13406], [74.297944, 17.126492], [74.302257, 17.114285], [74.30364, 17.107286], [74.323741, 17.120388], [74.336355, 17.120063], [74.366222, 17.100531], [74.358897, 17.088243], [74.359874, 17.077094], [74.366466, 17.066514], [74.375906, 17.055854], [74.377533, 17.050564], [74.37851, 17.035264], [74.379324, 17.031602], [74.386241, 17.030341], [74.391043, 17.032986], [74.39446, 17.036566], [74.396983, 17.038438], [74.404226, 17.040595], [74.411062, 17.044745], [74.419932, 17.047634], [74.433442, 17.045925], [74.444916, 17.040229], [74.453543, 17.032294], [74.458751, 17.022488], [74.461192, 17.011094], [74.457774, 17.004665], [74.45045, 17.000067], [74.448009, 16.993435], [74.463796, 16.972113], [74.471283, 16.959174], [74.480561, 16.947333], [74.491954, 16.942247], [74.508311, 16.934394], [74.525645, 16.916287], [74.55071, 16.881415], [74.539968, 16.869412], [74.53297, 16.863389], [74.53297, 16.856024], [74.543224, 16.839871], [74.551524, 16.829535], [74.562104, 16.821112], [74.576182, 16.815253], [74.608897, 16.810818], [74.623464, 16.804267], [74.634776, 16.794257], [74.639415, 16.781521], [74.646251, 16.768744], [74.662364, 16.759548], [74.680756, 16.752061], [74.694591, 16.744249], [74.671153, 16.729926], [74.615896, 16.719997], [74.605235, 16.699815], [74.614024, 16.678046], [74.634939, 16.659451], [74.680919, 16.634385], [74.680919, 16.628201], [74.665294, 16.627509], [74.64446, 16.624376], [74.630626, 16.61697], [74.635916, 16.603339], [74.662527, 16.578315], [74.678152, 16.569119], [74.698009, 16.565497], [74.705007, 16.56741], [74.721202, 16.579779], [74.730561, 16.584174], [74.73463, 16.585639], [74.779307, 16.59101], [74.793468, 16.597683], [74.804454, 16.613878], [74.804617, 16.627061], [74.801768, 16.640448], [74.806163, 16.650743], [74.846446, 16.657091], [74.872488, 16.666856], [74.88974, 16.669135], [74.901866, 16.662055], [74.90797, 16.647488], [74.916433, 16.634955], [74.934825, 16.634385], [74.948822, 16.644558], [74.956065, 16.658149], [74.964692, 16.670111], [74.982595, 16.67536], [74.987722, 16.666612], [74.99464, 16.65998], [75.009858, 16.648017], [75.023529, 16.633897], [75.094819, 16.540107], [75.105479, 16.51085], [75.136729, 16.528632], [75.151296, 16.540107], [75.160085, 16.551825], [75.160655, 16.563666], [75.156749, 16.576606], [75.154552, 16.590766], [75.160085, 16.606472], [75.187511, 16.627712], [75.217214, 16.626654], [75.244151, 16.612372], [75.263194, 16.59337], [75.283946, 16.604356], [75.3178, 16.586249], [75.342052, 16.596788], [75.360037, 16.601589], [75.374441, 16.587022], [75.396007, 16.547919], [75.396007, 16.544745], [75.396495, 16.541815], [75.40032, 16.538153], [75.404796, 16.537218], [75.416108, 16.538886], [75.420909, 16.538153], [75.438487, 16.527289], [75.451915, 16.514594], [75.459076, 16.495307], [75.450613, 16.475938], [75.438406, 16.456366], [75.4345, 16.436347], [75.439708, 16.425157], [75.446869, 16.423204], [75.476166, 16.433214], [75.481863, 16.437364], [75.485362, 16.443305], [75.493093, 16.452826], [75.516612, 16.469509], [75.530935, 16.466132], [75.551768, 16.436347], [75.568126, 16.428656], [75.585053, 16.43419], [75.604991, 16.444159], [75.629893, 16.449408], [75.640717, 16.446234], [75.65797, 16.432074], [75.663829, 16.4289], [75.700206, 16.419257], [75.7081, 16.41531], [75.713145, 16.407335], [75.718272, 16.388007], [75.721772, 16.381171], [75.750662, 16.365058], [75.755951, 16.364081], [75.785574, 16.349066], [75.7942, 16.346381], [75.80657, 16.348456], [75.823985, 16.357978], [75.831635, 16.360663], [75.850515, 16.358588], [75.87322, 16.35102], [75.892589, 16.340522], [75.900645, 16.329657], [75.91155, 16.321967], [75.983165, 16.312201], [75.995372, 16.305732], [76.024506, 16.283067], [76.034272, 16.278103], [76.053233, 16.271796], [76.058849, 16.256619], [76.058197, 16.222846], [76.0796, 16.197781], [76.118663, 16.190212], [76.163259, 16.188666], [76.201671, 16.181912], [76.239024, 16.16352], [76.257823, 16.15705], [76.280772, 16.154568], [76.286388, 16.16002], [76.29127, 16.171942], [76.297862, 16.183905], [76.308116, 16.189317], [76.321788, 16.191596], [76.330984, 16.197699], [76.367768, 16.243109], [76.382823, 16.253485], [76.403901, 16.257636], [76.424897, 16.254014], [76.442882, 16.247585], [76.459402, 16.244412], [76.476573, 16.2508], [76.534434, 16.316474], [76.544932, 16.322781], [76.552257, 16.33629], [76.570079, 16.342068], [76.61321, 16.346381], [76.6303, 16.355414], [76.654877, 16.381863], [76.685313, 16.390652], [76.736501, 16.41531], [76.753022, 16.428534], [76.762218, 16.434109], [76.773936, 16.436347], [76.784272, 16.432074], [76.796397, 16.424099], [76.809255, 16.419501], [76.822276, 16.425482], [76.829519, 16.430976], [76.846121, 16.438178], [76.852631, 16.442572], [76.858897, 16.451931], [76.867931, 16.474677], [76.874522, 16.483507], [76.891124, 16.489325], [76.933604, 16.496405], [76.944021, 16.510565], [76.948822, 16.51142], [76.959483, 16.51085], [76.967296, 16.511786], [76.968272, 16.514472], [76.967377, 16.518826], [76.974376, 16.535834], [76.975352, 16.54682], [76.978526, 16.556912], [76.990001, 16.565497], [76.997651, 16.550727], [77.006358, 16.527126], [77.018077, 16.509955], [77.051524, 16.518988], [77.070567, 16.510565], [77.099864, 16.490343], [77.134532, 16.481798], [77.148692, 16.471991], [77.154389, 16.452826], [77.165457, 16.441514], [77.259044, 16.415351], [77.393972, 16.381171], [77.410655, 16.379421], [77.473155, 16.381171], [77.493256, 16.378241], [77.551687, 16.353217], [77.571707, 16.347927], [77.623953, 16.353217], [77.645763, 16.351996], [77.73463, 16.326606], [77.860362, 16.248806], [77.897716, 16.219753], [77.911388, 16.201443], [77.935802, 16.140937], [77.952566, 16.122748], [77.989757, 16.098497], [78.059093, 16.033962], [78.072358, 16.024848], [78.116791, 16.01085], [78.128347, 16.00373], [78.138438, 15.990749], [78.148529, 15.974189], [78.160574, 15.958808], [78.176036, 15.949164], [78.192149, 15.94949], [78.212169, 15.956081], [78.231212, 15.966091], [78.244395, 15.976426], [78.254161, 15.991767], [78.255951, 16.005683], [78.251964, 16.020575], [78.244395, 16.03852], [78.261974, 16.035183], [78.280854, 16.027615], [78.299815, 16.022813], [78.316335, 16.02794], [78.332042, 16.052069], [78.341563, 16.059434], [78.353526, 16.05268], [78.378835, 16.075873], [78.399994, 16.083441], [78.464285, 16.085761], [78.499766, 16.093777], [78.511485, 16.091986], [78.519623, 16.086941], [78.532644, 16.072089], [78.539561, 16.065538], [78.549327, 16.060126], [78.559662, 16.056708], [78.570404, 16.055365], [78.581554, 16.056179], [78.629161, 16.071112], [78.6456, 16.071601], [78.656505, 16.067572], [78.684174, 16.046332], [78.73406, 16.0303], [78.760916, 16.027696], [78.791108, 16.034532], [78.819021, 16.048407], [78.839447, 16.066718], [78.845795, 16.085476], [78.839122, 16.124823], [78.841238, 16.14293], [78.846934, 16.150743], [78.853445, 16.152167], [78.860281, 16.149278], [78.874766, 16.140326], [78.881847, 16.138292], [78.889415, 16.138983], [78.897716, 16.142768], [78.902599, 16.146552], [78.905772, 16.150743], [78.907644, 16.155626], [78.908946, 16.161444], [78.922862, 16.189765], [78.947195, 16.205837], [78.997162, 16.230292]], [[79.313406, 16.579372], [79.337983, 16.585232], [79.406261, 16.587226], [79.417735, 16.590196], [79.427419, 16.596788], [79.435069, 16.603461], [79.440359, 16.606472], [79.44101, 16.609565], [79.477061, 16.631781], [79.496349, 16.640163], [79.504324, 16.641872], [79.516531, 16.639838], [79.53297, 16.630398], [79.542491, 16.628201], [79.550548, 16.629706], [79.557384, 16.633734], [79.570242, 16.644884], [79.574799, 16.646837], [79.584972, 16.648546], [79.586925, 16.651435], [79.587494, 16.656806], [79.589366, 16.662299], [79.591807, 16.666775], [79.59433, 16.669135], [79.605724, 16.671658], [79.62379, 16.66828], [79.634695, 16.669135], [79.646251, 16.674018], [79.668061, 16.686469], [79.679698, 16.689032], [79.720876, 16.689032], [79.730479, 16.693793], [79.745616, 16.716498], [79.751964, 16.723741], [79.771658, 16.727118], [79.7942, 16.721788], [79.812592, 16.711493], [79.826264, 16.692084], [79.861501, 16.70661], [79.882335, 16.703233], [79.889089, 16.691026], [79.909679, 16.631293], [79.914561, 16.628363], [79.947195, 16.628201], [79.9581, 16.630439], [79.963471, 16.636501], [79.97169, 16.654853], [80.025808, 16.713202], [80.028819, 16.725043], [80.042979, 16.738552], [80.046153, 16.747626], [80.046641, 16.759467], [80.048106, 16.76793], [80.052989, 16.785224], [80.073334, 16.822862], [80.097911, 16.820095], [80.120535, 16.791327], [80.135671, 16.751044], [80.138113, 16.732367], [80.135671, 16.672227], [80.140391, 16.658271], [80.151785, 16.646918], [80.175873, 16.628201], [80.184825, 16.618598], [80.192393, 16.612413], [80.272065, 16.579779], [80.291921, 16.587592], [80.313731, 16.586737], [80.358409, 16.579779], [80.367117, 16.576361], [80.379649, 16.56977], [80.390717, 16.565538], [80.3956, 16.5692], [80.397553, 16.579779], [80.403331, 16.584093], [80.423595, 16.587226], [80.424734, 16.586615], [80.44394, 16.587226], [80.449962, 16.588406], [80.459239, 16.592963], [80.465261, 16.59337], [80.47047, 16.592149], [80.476003, 16.589911], [80.486827, 16.583319], [80.495616, 16.576199], [80.502452, 16.5692], [80.509939, 16.564236], [80.528575, 16.560818], [80.53655, 16.555528], [80.55128, 16.538357], [80.567475, 16.524522], [80.603038, 16.505805], [80.620697, 16.493964], [80.635753, 16.468573], [80.683035, 16.436347], [80.706716, 16.397325], [80.714773, 16.376899], [80.717784, 16.35696], [80.759288, 16.305447], [80.764578, 16.304999], [80.773855, 16.312283], [80.779226, 16.312201], [80.784272, 16.307563], [80.790294, 16.295681], [80.792898, 16.291775], [80.799408, 16.284369], [80.811534, 16.267198], [80.817393, 16.26378], [80.838878, 16.163886], [80.868582, 16.107449], [80.882742, 16.013699]]]}}, {"type": "Feature", "properties": {"name": "Yamuna"}, "geometry": {"type": "MultiLineString", "coordinates": [[[78.339936, 30.915147], [78.25058, 30.840277], [78.217052, 30.819607], [78.131114, 30.794135], [78.09547, 30.775499], [78.072358, 30.737657], [78.063731, 30.689561], [78.053722, 30.665839], [78.020518, 30.64704], [78.009532, 30.627305], [77.97169, 30.532253], [77.9699, 30.521064], [77.9581, 30.511054], [77.932221, 30.518419], [77.894216, 30.538398], [77.885916, 30.535671], [77.868175, 30.522528], [77.860037, 30.51793], [77.838878, 30.512559], [77.791596, 30.507351], [77.768565, 30.498236], [77.688569, 30.455268], [77.664968, 30.44599], [77.64446, 30.442206], [77.623139, 30.441189], [77.597748, 30.437079], [77.575857, 30.428778], [77.565359, 30.414903], [77.567475, 30.40644], [77.581472, 30.388983], [77.586436, 30.380723], [77.587901, 30.370469], [77.584972, 30.325263], [77.570079, 30.278266], [77.538178, 30.209418], [77.513682, 30.177436], [77.484304, 30.15294], [77.370128, 30.096503], [77.338959, 30.069688], [77.323253, 30.064399], [77.320323, 30.060126], [77.319021, 30.054511], [77.317882, 30.040473], [77.315033, 30.039496], [77.310802, 30.040473], [77.305186, 30.038153], [77.301036, 30.037055], [77.289236, 30.038845], [77.284679, 30.038153], [77.28004, 30.032986], [77.279063, 30.027167], [77.279063, 30.021674], [77.277354, 30.017646], [77.240001, 29.983507], [77.229991, 29.976671], [77.220876, 29.960761], [77.209727, 29.9289], [77.180431, 29.804307], [77.161876, 29.771267], [77.156179, 29.76911], [77.148448, 29.770046], [77.140554, 29.769802], [77.133881, 29.764431], [77.132253, 29.755886], [77.134939, 29.747626], [77.139252, 29.740017], [77.141368, 29.733425], [77.137462, 29.722846], [77.128184, 29.714301], [77.106619, 29.702338], [77.11378, 29.682196], [77.087901, 29.658555], [77.093679, 29.640937], [77.085704, 29.624091], [77.088878, 29.611599], [77.095876, 29.600857], [77.099864, 29.589057], [77.093272, 29.581163], [77.078868, 29.576361], [77.064708, 29.569607], [77.058116, 29.555528], [77.060476, 29.548611], [77.070323, 29.536444], [77.072358, 29.52794], [77.070811, 29.511176], [77.068777, 29.503038], [77.065684, 29.50373], [77.077566, 29.492255], [77.105235, 29.495429], [77.120209, 29.483832], [77.107188, 29.469306], [77.072765, 29.440131], [77.065684, 29.424872], [77.076915, 29.423936], [77.102631, 29.427029], [77.130626, 29.426459], [77.148204, 29.414984], [77.149913, 29.403428], [77.145437, 29.395575], [77.138682, 29.388739], [77.133881, 29.380194], [77.132823, 29.37226], [77.133881, 29.342637], [77.13795, 29.333564], [77.145518, 29.32392], [77.149994, 29.313341], [77.144786, 29.301703], [77.134044, 29.289333], [77.130626, 29.280626], [77.141368, 29.130398], [77.140229, 29.124213], [77.137706, 29.121039], [77.134939, 29.119005], [77.133881, 29.1164], [77.135753, 29.108507], [77.140147, 29.104804], [77.144949, 29.102647], [77.148204, 29.099677], [77.169444, 29.036485], [77.195567, 28.997626], [77.189708, 28.988227], [77.177664, 28.980658], [77.175548, 28.963162], [77.20224, 28.942491], [77.209727, 28.935167], [77.216807, 28.923692], [77.220714, 28.914415], [77.2199, 28.906073], [77.213145, 28.897325], [77.202159, 28.877061], [77.216726, 28.843573], [77.206391, 28.821885], [77.198416, 28.813096], [77.195567, 28.80683], [77.195893, 28.794257], [77.197765, 28.790961], [77.202403, 28.790066], [77.213145, 28.790595], [77.216563, 28.788275], [77.216807, 28.78266], [77.215831, 28.776068], [77.216563, 28.770697], [77.214854, 28.770209], [77.216563, 28.749579], [77.219249, 28.74494], [77.228282, 28.738715], [77.230072, 28.732856], [77.229015, 28.721055], [77.223888, 28.700751], [77.223155, 28.693956]], [[77.223155, 28.693956], [77.222667, 28.688788], [77.222667, 28.694932], [77.223155, 28.693956]], [[77.223155, 28.693956], [77.22991, 28.681423], [77.244395, 28.660346], [77.250011, 28.647162], [77.253184, 28.610175], [77.259044, 28.592597], [77.289968, 28.578884], [77.303233, 28.562934], [77.327403, 28.519802], [77.335216, 28.507921], [77.343435, 28.498358], [77.352794, 28.491889], [77.363292, 28.489529], [77.376964, 28.484198], [77.37851, 28.47248], [77.375987, 28.460761], [77.377208, 28.45539], [77.384939, 28.457628], [77.402354, 28.467353], [77.407644, 28.469062], [77.415294, 28.465033], [77.417084, 28.459784], [77.417491, 28.453966], [77.424571, 28.441962], [77.425222, 28.435655], [77.428233, 28.430732], [77.438731, 28.428738], [77.456635, 28.434638], [77.465831, 28.434353], [77.469737, 28.424994], [77.468191, 28.396755], [77.475678, 28.391384], [77.497081, 28.393337], [77.471934, 28.340522], [77.466401, 28.315253], [77.487885, 28.299018], [77.489513, 28.286444], [77.48878, 28.272569], [77.490733, 28.263617], [77.503673, 28.256781], [77.528901, 28.253526], [77.538585, 28.243109], [77.532644, 28.241238], [77.528331, 28.237901], [77.52589, 28.232856], [77.524913, 28.225775], [77.5206, 28.217312], [77.511241, 28.213487], [77.501557, 28.211697], [77.497081, 28.209011], [77.501557, 28.196723], [77.528575, 28.192979], [77.538585, 28.181016], [77.507253, 28.170274], [77.494884, 28.151923], [77.495616, 28.126044], [77.503835, 28.092882], [77.469737, 28.11282], [77.470714, 28.099433], [77.476492, 28.07156], [77.468028, 28.046902], [77.479747, 28.036485], [77.495697, 28.028388], [77.503835, 28.02029], [77.512299, 27.99962], [77.526459, 27.974473], [77.529307, 27.952582], [77.503835, 27.941474], [77.510509, 27.91946], [77.519623, 27.898261], [77.53297, 27.879828], [77.551687, 27.866319], [77.565033, 27.863105], [77.575857, 27.863105], [77.585053, 27.859687], [77.593272, 27.845893], [77.59433, 27.833564], [77.591075, 27.820258], [77.5796, 27.797431], [77.605479, 27.798774], [77.650483, 27.811713], [77.668956, 27.811103], [77.679291, 27.807807], [77.68629, 27.804267], [77.689871, 27.797309], [77.689464, 27.7838], [77.684011, 27.784491], [77.67213, 27.772284], [77.664561, 27.757514], [77.67213, 27.750312], [77.676362, 27.744452], [77.687266, 27.715684], [77.689464, 27.704657], [77.687104, 27.691352], [77.677338, 27.673122], [77.675222, 27.663398], [77.678233, 27.654975], [77.685476, 27.649237], [77.692393, 27.642157], [77.69573, 27.629584], [77.690359, 27.621161], [77.66448, 27.614203], [77.655284, 27.605048], [77.664806, 27.602566], [77.687429, 27.602078], [77.69573, 27.599433], [77.705658, 27.587958], [77.7046, 27.578315], [77.698985, 27.567898], [77.693614, 27.546088], [77.684581, 27.532579], [77.682628, 27.527167], [77.684581, 27.514919], [77.689708, 27.508368], [77.6963, 27.503363], [77.703136, 27.495795], [77.720714, 27.436469], [77.72698, 27.426866], [77.732514, 27.423774], [77.73821, 27.416083], [77.742442, 27.406277], [77.747081, 27.383083], [77.754487, 27.380968], [77.771414, 27.385932], [77.783946, 27.392442], [77.791921, 27.391669], [77.798757, 27.379706], [77.796886, 27.371202], [77.78183, 27.352973], [77.77825, 27.341864], [77.782644, 27.332953], [77.792247, 27.323025], [77.802419, 27.314805], [77.808604, 27.311469], [77.821788, 27.309149], [77.827729, 27.303005], [77.831635, 27.294013], [77.838959, 27.283515], [77.860932, 27.26614], [77.865733, 27.275458], [77.868175, 27.293972], [77.884369, 27.304023], [77.898448, 27.292426], [77.902924, 27.26911], [77.90919, 27.251329], [77.928396, 27.256212], [77.933116, 27.266791], [77.933442, 27.280585], [77.937104, 27.29267], [77.952647, 27.297797], [77.959972, 27.291042], [77.959239, 27.275824], [77.961192, 27.259467], [77.976736, 27.249376], [77.980561, 27.270209], [77.993256, 27.273139], [78.008067, 27.265937], [78.018484, 27.256212], [78.028087, 27.237494], [78.031179, 27.219346], [78.029307, 27.200792], [78.024669, 27.180487], [78.045828, 27.187201], [78.055186, 27.19184], [78.062755, 27.197862], [78.074718, 27.202094], [78.087006, 27.195339], [78.099376, 27.185574], [78.11085, 27.180487], [78.158702, 27.173651], [78.168712, 27.178778], [78.17864, 27.188788], [78.188894, 27.195583], [78.199962, 27.191026], [78.210867, 27.169135], [78.20696, 27.150662], [78.198741, 27.132636], [78.197195, 27.11225], [78.213878, 27.086534], [78.235606, 27.083523], [78.24822, 27.093288], [78.236908, 27.106024], [78.236908, 27.11225], [78.251394, 27.112128], [78.261241, 27.10696], [78.26767, 27.097357], [78.272227, 27.084296], [78.28419, 27.094021], [78.294851, 27.116034], [78.306407, 27.125271], [78.309011, 27.12405], [78.330984, 27.124457], [78.333751, 27.125271], [78.341563, 27.125922], [78.348643, 27.127468], [78.354991, 27.124579], [78.360362, 27.11225], [78.341319, 27.109646], [78.322765, 27.09752], [78.307628, 27.080634], [78.29892, 27.063788], [78.310639, 27.063259], [78.330089, 27.074897], [78.343028, 27.07807], [78.357514, 27.075873], [78.379975, 27.066026], [78.391124, 27.063788], [78.411143, 27.055976], [78.429861, 27.037421], [78.44044, 27.015001], [78.435476, 26.996161], [78.456635, 26.993516], [78.479015, 26.981309], [78.497081, 26.965277], [78.504405, 26.951483], [78.507091, 26.940009], [78.513927, 26.929389], [78.52296, 26.925645], [78.531668, 26.934678], [78.527843, 26.94005], [78.511241, 26.981879], [78.531505, 26.976874], [78.555919, 26.975653], [78.5595, 26.970242], [78.562511, 26.946357], [78.583263, 26.929063], [78.590587, 26.926785], [78.593761, 26.937812], [78.591401, 26.939236], [78.586925, 26.9442], [78.583995, 26.950303], [78.586355, 26.955146], [78.591726, 26.956366], [78.598643, 26.956], [78.604747, 26.95421], [78.607432, 26.951483], [78.609955, 26.931708], [78.617198, 26.910427], [78.62794, 26.893256], [78.641612, 26.886298], [78.67571, 26.91413], [78.695567, 26.921454], [78.703624, 26.899929], [78.722341, 26.915961], [78.729015, 26.919013], [78.730968, 26.913601], [78.752371, 26.904079], [78.75823, 26.899929], [78.761974, 26.893866], [78.76946, 26.876492], [78.771902, 26.872016], [78.793712, 26.867947], [78.799327, 26.86579], [78.808197, 26.85045], [78.815033, 26.841742], [78.838878, 26.831488], [78.857921, 26.80329], [78.871511, 26.796942], [78.906505, 26.79324], [78.943289, 26.783271], [78.938731, 26.777899], [78.933442, 26.767524], [78.928966, 26.762152], [78.948985, 26.76203], [78.985362, 26.757514], [79.004649, 26.762152], [79.002859, 26.753852], [78.99879, 26.746894], [78.992198, 26.740912], [78.98349, 26.735419], [78.993663, 26.733344], [79.002533, 26.728787], [79.009044, 26.721503], [79.011485, 26.711534], [79.015717, 26.700548], [79.034597, 26.692084], [79.038829, 26.683946], [79.03769, 26.671169], [79.038178, 26.654364], [79.04599, 26.641181], [79.066661, 26.639228], [79.066661, 26.633083], [79.062022, 26.631049], [79.057058, 26.627794], [79.052419, 26.625596], [79.062022, 26.620185], [79.080577, 26.602159], [79.083507, 26.598253], [79.095225, 26.599636], [79.115489, 26.604763], [79.127533, 26.605089], [79.138601, 26.602362], [79.160248, 26.59337], [79.172862, 26.591417], [79.180268, 26.58751], [79.195404, 26.569444], [79.203217, 26.564154], [79.204031, 26.545193], [79.231212, 26.53559], [79.292735, 26.52322], [79.282156, 26.515326], [79.244884, 26.502061], [79.261974, 26.480414], [79.247651, 26.467149], [79.223562, 26.456977], [79.210704, 26.444363], [79.21933, 26.431016], [79.240001, 26.433132], [79.264903, 26.440009], [79.285818, 26.44123], [79.296641, 26.434109], [79.302664, 26.423774], [79.306895, 26.413438], [79.31308, 26.406521], [79.324718, 26.404364], [79.336843, 26.40705], [79.348237, 26.4112], [79.374441, 26.417589], [79.416026, 26.43655], [79.437266, 26.44123], [79.462576, 26.4383], [79.474213, 26.428778], [79.477143, 26.414333], [79.477061, 26.396552], [79.480235, 26.383857], [79.494884, 26.364814], [79.498057, 26.355292], [79.504161, 26.349677], [79.517019, 26.353827], [79.528819, 26.361029], [79.532237, 26.364936], [79.555431, 26.360378], [79.556163, 26.349189], [79.543956, 26.334784], [79.528575, 26.320583], [79.52296, 26.304999], [79.531993, 26.288031], [79.548595, 26.272813], [79.566417, 26.262519], [79.585541, 26.258368], [79.608165, 26.256049], [79.626882, 26.250922], [79.634695, 26.238593], [79.638438, 26.219021], [79.648936, 26.209662], [79.715017, 26.191352], [79.72405, 26.186794], [79.741303, 26.173122], [79.747976, 26.16413], [79.741466, 26.160102], [79.738536, 26.155788], [79.737315, 26.146104], [79.739838, 26.136501], [79.753429, 26.129421], [79.766368, 26.116238], [79.772472, 26.11164], [79.794526, 26.108995], [79.847097, 26.114691], [79.864838, 26.108222], [79.886485, 26.091579], [79.899913, 26.095282], [79.908702, 26.111436], [79.922374, 26.153388], [79.927419, 26.162462], [79.937022, 26.166287], [79.949474, 26.162665], [79.95574, 26.153591], [79.957774, 26.141425], [79.958018, 26.12873], [79.951671, 26.088324], [79.958507, 26.072374], [79.984793, 26.06391], [80.009207, 26.066026], [80.059093, 26.076239], [80.080333, 26.070665], [80.092784, 26.054999], [80.093028, 26.037055], [80.085216, 26.020535], [80.073416, 26.009304], [80.080496, 25.998847], [80.088308, 25.995063], [80.09726, 25.993272], [80.107514, 25.988796], [80.128429, 25.971869], [80.140636, 25.964138], [80.170095, 25.954942], [80.193858, 25.928046], [80.211192, 25.920478], [80.255951, 25.929511], [80.276866, 25.926337], [80.285737, 25.903144], [80.296886, 25.891872], [80.321788, 25.89643], [80.361501, 25.913031], [80.406668, 25.914903], [80.446381, 25.90587], [80.519135, 25.878933], [80.537039, 25.869086], [80.545502, 25.855333], [80.539968, 25.843207], [80.516043, 25.837958], [80.46933, 25.842353], [80.459076, 25.835273], [80.471446, 25.810614], [80.49171, 25.791327], [80.511322, 25.785834], [80.557221, 25.789578], [80.567556, 25.786241], [80.5678, 25.778347], [80.563487, 25.7685], [80.560639, 25.759467], [80.560557, 25.744574], [80.561697, 25.738145], [80.567475, 25.734483], [80.580577, 25.728095], [80.600515, 25.721951], [80.649099, 25.71365], [80.682872, 25.693874], [80.705658, 25.6883], [80.730479, 25.686469], [80.771983, 25.688422], [80.779552, 25.689887], [80.786632, 25.693305], [80.797944, 25.712022], [80.806407, 25.72309], [80.817393, 25.728095], [80.828868, 25.725409], [80.838634, 25.71837], [80.84547, 25.708441], [80.851166, 25.683905], [80.85906, 25.681708], [80.882253, 25.68712], [80.906342, 25.688096], [80.923432, 25.685492], [80.933523, 25.674343], [80.940522, 25.625434], [80.951264, 25.614285], [80.968679, 25.612901], [81.012787, 25.624783], [81.023204, 25.625678], [81.026541, 25.616889], [81.026866, 25.594306], [81.0206, 25.586737], [81.00823, 25.579169], [80.999115, 25.570665], [81.002696, 25.560167], [81.009939, 25.552191], [81.013438, 25.547065], [81.017345, 25.542548], [81.026866, 25.536322], [81.064871, 25.518622], [81.086843, 25.511298], [81.17099, 25.50019], [81.183849, 25.494696], [81.192149, 25.474392], [81.184255, 25.457831], [81.152843, 25.429877], [81.14796, 25.411444], [81.157807, 25.393012], [81.173106, 25.378363], [81.183849, 25.371161], [81.224864, 25.36164], [81.24407, 25.354112], [81.261241, 25.329413], [81.282237, 25.331732], [81.320404, 25.344509], [81.344493, 25.342393], [81.36671, 25.333767], [81.384776, 25.320258], [81.396251, 25.303534], [81.383311, 25.289984], [81.390636, 25.280341], [81.40919, 25.273749], [81.452891, 25.266059], [81.47226, 25.26557], [81.491466, 25.268581], [81.51295, 25.27558], [81.620128, 25.347927], [81.660574, 25.358181], [81.704112, 25.359442], [81.725597, 25.356757], [81.742198, 25.347927], [81.760265, 25.333848], [81.77825, 25.327704], [81.795421, 25.329942], [81.810802, 25.341091], [81.811697, 25.348822], [81.797374, 25.366156], [81.793386, 25.374579], [81.794932, 25.383612], [81.799083, 25.390204], [81.810802, 25.402208], [81.828298, 25.416368], [81.851329, 25.42536], [81.87558, 25.427069], [81.903087, 25.414618]]]}}, {"type": "Feature", "properties": {"name": "Narmada"}, "geometry": {"type": "MultiLineString", "coordinates": [[[81.574229, 22.75373], [81.498057, 22.757676], [81.461925, 22.765163], [81.437755, 22.787909], [81.421397, 22.826443], [81.407644, 22.842637], [81.385916, 22.849311], [81.366466, 22.851874], [81.314138, 22.870429], [81.289561, 22.874579], [81.280203, 22.877265], [81.271251, 22.882148], [81.24879, 22.897773], [81.233002, 22.900662], [81.190929, 22.916612], [81.176524, 22.925076], [81.174815, 22.929063], [81.175304, 22.93476], [81.174734, 22.940701], [81.170339, 22.945502], [81.162364, 22.948269], [81.157644, 22.947455], [81.153901, 22.945665], [81.149832, 22.945502], [81.128347, 22.950873], [81.105398, 22.952989], [81.084483, 22.959581], [81.059581, 22.972683], [81.035248, 22.981879], [81.016043, 22.976874], [81.013113, 22.96955], [81.006358, 22.935329], [81.000987, 22.930447], [80.989024, 22.932196], [80.931895, 22.952338], [80.911713, 22.955593], [80.889089, 22.952989], [80.8956, 22.970242], [80.900401, 22.987901], [80.900401, 23.004421], [80.892833, 23.017849], [80.851492, 23.050401], [80.841889, 23.055365], [80.828217, 23.050971], [80.817149, 23.039496], [80.809825, 23.024848], [80.802419, 22.995185], [80.79127, 22.998847], [80.765554, 23.021267], [80.75587, 23.01199], [80.737071, 23.005398], [80.678966, 22.998725], [80.665701, 22.994167], [80.642589, 22.973456], [80.629405, 22.964382], [80.621104, 22.965399], [80.610606, 22.970404], [80.591238, 22.973456], [80.572276, 22.970567], [80.538259, 22.957139], [80.519135, 22.952989], [80.531668, 22.928046], [80.533376, 22.91824], [80.531505, 22.905951], [80.521495, 22.886746], [80.519135, 22.880683], [80.513927, 22.878119], [80.481619, 22.853054], [80.476736, 22.842353], [80.480072, 22.833035], [80.491791, 22.815782], [80.498627, 22.796088], [80.499766, 22.787665], [80.499278, 22.774848], [80.495535, 22.760118], [80.490896, 22.753933], [80.491466, 22.748603], [80.510346, 22.726101], [80.508393, 22.721055], [80.502452, 22.715196], [80.499278, 22.702216], [80.497162, 22.696885], [80.492442, 22.69123], [80.481619, 22.681749], [80.477794, 22.674669], [80.481375, 22.669053], [80.487641, 22.663682], [80.495942, 22.651923], [80.501964, 22.645453], [80.506602, 22.636501], [80.505463, 22.623399], [80.499034, 22.613715], [80.45045, 22.578966], [80.429291, 22.574042], [80.40797, 22.575954], [80.389415, 22.583075], [80.372651, 22.594672], [80.354747, 22.611925], [80.340017, 22.632514], [80.334076, 22.654405], [80.335541, 22.687812], [80.333914, 22.710964], [80.32724, 22.726426], [80.31837, 22.729356], [80.295909, 22.728217], [80.285737, 22.733262], [80.28297, 22.741075], [80.279552, 22.778266], [80.268891, 22.795518], [80.244233, 22.801866], [80.216563, 22.800564], [80.197032, 22.794704], [80.192882, 22.789252], [80.190033, 22.781358], [80.185557, 22.773261], [80.175873, 22.767401], [80.16505, 22.766181], [80.157156, 22.76907], [80.149099, 22.772895], [80.138682, 22.774848], [80.07545, 22.773139], [80.059825, 22.774848], [80.031993, 22.784491], [80.025808, 22.787909], [80.007823, 22.817572], [79.930186, 22.877265], [79.929291, 22.889024], [79.934011, 22.89586], [79.940033, 22.900173], [79.943858, 22.904568], [79.945567, 22.915635], [79.943858, 22.942084], [79.940196, 22.943468], [79.914073, 22.977322], [79.910085, 22.985907], [79.908295, 22.995958], [79.909679, 23.007636], [79.91505, 23.015163], [79.936615, 23.038031], [79.943858, 23.048611], [79.946788, 23.060085], [79.949636, 23.078721], [79.948416, 23.096137], [79.94044, 23.103827], [79.906261, 23.111274], [79.886648, 23.113145], [79.854503, 23.101142], [79.834076, 23.106309], [79.792979, 23.128689], [79.79184, 23.131212], [79.789236, 23.131903], [79.778575, 23.130479], [79.769949, 23.128119], [79.759939, 23.120958], [79.751964, 23.117499], [79.743663, 23.116726], [79.726085, 23.118598], [79.717784, 23.117499], [79.709239, 23.112616], [79.692393, 23.099636], [79.686534, 23.096991], [79.668386, 23.099148], [79.641775, 23.108507], [79.625011, 23.110663], [79.604503, 23.110867], [79.590912, 23.113471], [79.581554, 23.121527], [79.573822, 23.137966], [79.553966, 23.130561], [79.516043, 23.136827], [79.494395, 23.127387], [79.476085, 23.115261], [79.4546, 23.105577], [79.431733, 23.099229], [79.409923, 23.096991], [79.372813, 23.104804], [79.348074, 23.106757], [79.330496, 23.100409], [79.322765, 23.095526], [79.311534, 23.092108], [79.266775, 23.08865], [79.202566, 23.073839], [79.158946, 23.069037], [79.137787, 23.075954], [79.126394, 23.075954], [79.121349, 23.065985], [79.117768, 23.06037], [79.103038, 23.027859], [79.100841, 23.021267], [79.085704, 23.015326], [79.062755, 23.013373], [79.038992, 23.016221], [79.021658, 23.024685], [79.003184, 23.038642], [78.983979, 23.045762], [78.964122, 23.048285], [78.771902, 23.041124], [78.759939, 23.043036], [78.742686, 23.048407], [78.730968, 23.048611], [78.72047, 23.045762], [78.698741, 23.036811], [78.674327, 23.032782], [78.655772, 23.023383], [78.644949, 23.021267], [78.607432, 23.021267], [78.49407, 23.005723], [78.474864, 23.000352], [78.442393, 22.980292], [78.435313, 22.977118], [78.41627, 22.970893], [78.394542, 22.959174], [78.392019, 22.954535], [78.38795, 22.941433], [78.384044, 22.938747], [78.370372, 22.935004], [78.328705, 22.91474], [78.312511, 22.904568], [78.306082, 22.898017], [78.291515, 22.875596], [78.285818, 22.863593], [78.273855, 22.868598], [78.262706, 22.867051], [78.25294, 22.863796], [78.244395, 22.863593], [78.236095, 22.869208], [78.227468, 22.878241], [78.221202, 22.886583], [78.22047, 22.890245], [78.187511, 22.888292], [78.17099, 22.882514], [78.154877, 22.870429], [78.143972, 22.857489], [78.135346, 22.842719], [78.130056, 22.825548], [78.128347, 22.805243], [78.120372, 22.788764], [78.102631, 22.791449], [78.072358, 22.808376], [78.062022, 22.808173], [78.042979, 22.80268], [78.031993, 22.80211], [78.020437, 22.80622], [78.003917, 22.819688], [77.993907, 22.822618], [77.982514, 22.82156], [77.96282, 22.816921], [77.952647, 22.815782], [77.946788, 22.813788], [77.942475, 22.810085], [77.938406, 22.808295], [77.93214, 22.812079], [77.926524, 22.820014], [77.927257, 22.825019], [77.929454, 22.829617], [77.925385, 22.84748], [77.925141, 22.855333], [77.921641, 22.860541], [77.908621, 22.863593], [77.906342, 22.860175], [77.884369, 22.839708], [77.875662, 22.837104], [77.870372, 22.84455], [77.867686, 22.856391], [77.866954, 22.867011], [77.860037, 22.873562], [77.844819, 22.867377], [77.819021, 22.849311], [77.771983, 22.785224], [77.761322, 22.774848], [77.739024, 22.771552], [77.639415, 22.731513], [77.622976, 22.720974], [77.588878, 22.686143], [77.580333, 22.680732], [77.554128, 22.676866], [77.544932, 22.672227], [77.524913, 22.657538], [77.457612, 22.633734], [77.438731, 22.630886], [77.424734, 22.626736], [77.359874, 22.596055], [77.332937, 22.570583], [77.312592, 22.559678], [77.294688, 22.565701], [77.27239, 22.594835], [77.262462, 22.596137], [77.223643, 22.581081], [77.179861, 22.570868], [77.158132, 22.569403], [77.140229, 22.562812], [77.086029, 22.514187], [77.049083, 22.501003], [76.964773, 22.500108], [76.921641, 22.493679], [76.903331, 22.483669], [76.872325, 22.457384], [76.856049, 22.452094], [76.833995, 22.448432], [76.816661, 22.43891], [76.802989, 22.425727], [76.792003, 22.41116], [76.783376, 22.394884], [76.781749, 22.380805], [76.784434, 22.345974], [76.778331, 22.327257], [76.76295, 22.309923], [76.722341, 22.281358], [76.688731, 22.263536], [76.667735, 22.258368], [76.651378, 22.263983], [76.635916, 22.263699], [76.585948, 22.234971], [76.56544, 22.226752], [76.543956, 22.231024], [76.52589, 22.242703], [76.511485, 22.254706], [76.500092, 22.260321], [76.500662, 22.264512], [76.491303, 22.273261], [76.480479, 22.280829], [76.476573, 22.281358], [76.47047, 22.293158], [76.468272, 22.301052], [76.47047, 22.309272], [76.476573, 22.322333], [76.463878, 22.323432], [76.445323, 22.332709], [76.435069, 22.336005], [76.422537, 22.335964], [76.370942, 22.32571], [76.332774, 22.308458], [76.311534, 22.301866], [76.241628, 22.292304], [76.225841, 22.284776], [76.202078, 22.251003], [76.18808, 22.242458], [76.160655, 22.240424], [76.11671, 22.24494], [76.096772, 22.242214], [76.075613, 22.229844], [76.065929, 22.226426], [76.043386, 22.22724], [76.034272, 22.22309], [76.017182, 22.210395], [75.996755, 22.198839], [75.954194, 22.187852], [75.817963, 22.185818], [75.795828, 22.180854], [75.758556, 22.162055], [75.739187, 22.157904], [75.69044, 22.154568], [75.653575, 22.171495], [75.63144, 22.172797], [75.468354, 22.153144], [75.424408, 22.140082], [75.404063, 22.137397], [75.340261, 22.139716], [75.254649, 22.124701], [75.232188, 22.123114], [75.222097, 22.120958], [75.202891, 22.111599], [75.191173, 22.109483], [75.157237, 22.110622], [75.146495, 22.109483], [75.136485, 22.106147], [75.122162, 22.097927], [75.112315, 22.095811], [75.067556, 22.102607], [75.047293, 22.099148], [74.982595, 22.075995], [74.960948, 22.074652], [74.896983, 22.082139], [74.875011, 22.079291], [74.83489, 22.068549], [74.81129, 22.068468], [74.781668, 22.076036], [74.769786, 22.075995], [74.758718, 22.072821], [74.736908, 22.063585], [74.725027, 22.061632], [74.700206, 22.050157], [74.589854, 22.022976], [74.567393, 22.020697], [74.557872, 22.023057], [74.547944, 22.028998], [74.540131, 22.036729], [74.537039, 22.044623], [74.530854, 22.049669], [74.517507, 22.04796], [74.495372, 22.041205], [74.432709, 22.039496], [74.413503, 22.03498], [74.396007, 22.02558], [74.35198, 21.986599], [74.342377, 21.982123], [74.320567, 21.976182], [74.306082, 21.969916], [74.294526, 21.967882], [74.289968, 21.966132], [74.288666, 21.96251], [74.288585, 21.95657], [74.287852, 21.950019], [74.284272, 21.945014], [74.26767, 21.935981], [74.249034, 21.929796], [74.228119, 21.926296], [74.204845, 21.925116], [74.182709, 21.929307], [74.151134, 21.947618], [74.128835, 21.951768], [74.061046, 21.940375], [73.97462, 21.90119], [73.964936, 21.887803], [73.942556, 21.87462], [73.917572, 21.86697], [73.899506, 21.8699], [73.870942, 21.854682], [73.832937, 21.843614], [73.792491, 21.837104], [73.756114, 21.835761], [73.73821, 21.837755], [73.717865, 21.842231], [73.699636, 21.848578], [73.687266, 21.856269], [73.683523, 21.864773], [73.681244, 21.876166], [73.677745, 21.886094], [73.669851, 21.890408], [73.660248, 21.892646], [73.640717, 21.902411], [73.628917, 21.904608], [73.607026, 21.912055], [73.596283, 21.928249], [73.588145, 21.944444], [73.573985, 21.951768], [73.563569, 21.95543], [73.552013, 21.973171], [73.543224, 21.979763], [73.531342, 21.981513], [73.524343, 21.978583], [73.519054, 21.974433], [73.512218, 21.972276], [73.501394, 21.973009], [73.461843, 21.985378], [73.4546, 21.986355], [73.443614, 21.986599], [73.434662, 21.954617], [73.425385, 21.93122], [73.412852, 21.91767], [73.373627, 21.928534], [73.336681, 21.88581], [73.303722, 21.890408], [73.288178, 21.905829], [73.278819, 21.923367], [73.268077, 21.936469], [73.249034, 21.938788], [73.231944, 21.929714], [73.227306, 21.914578], [73.230235, 21.896023], [73.245128, 21.844428], [73.239757, 21.835028], [73.221121, 21.828925], [73.198334, 21.830268], [73.182058, 21.839626], [73.168224, 21.85045], [73.153331, 21.856269], [73.13616, 21.843858], [73.149099, 21.811957], [73.158783, 21.776557], [73.131765, 21.75377]]]}}, {"type": "Feature", "properties": {"name": "Cauvery"}, "geometry": {"type": "MultiLineString", "coordinates": [[[76.432221, 12.516303], [76.432384, 12.51614], [76.437592, 12.507595], [76.455007, 12.487087], [76.462169, 12.476874], [76.462494, 12.476142], [76.469005, 12.467231], [76.47462, 12.460883], [76.496593, 12.452501], [76.520518, 12.44599], [76.535248, 12.44127], [76.545339, 12.438544], [76.572276, 12.427354]], [[77.674897, 11.970526], [77.672374, 11.961208], [77.687429, 11.948188], [77.717459, 11.945665], [77.738292, 11.93948], [77.75172, 11.927273], [77.775483, 11.919623], [77.808442, 11.916205], [77.826427, 11.910956], [77.830577, 11.898505], [77.826427, 11.878689], [77.818614, 11.857042], [77.816417, 11.843858], [77.817149, 11.82864], [77.816824, 11.817084]]]}}, {"type": "Feature", "properties": {"name": "Cauvery"}, "geometry": {"type": "MultiLineString", "coordinates": [[[76.572276, 12.427354], [76.591889, 12.421413], [76.602143, 12.419542], [76.61321, 12.419949], [76.624604, 12.42418], [76.645518, 12.437567], [76.657644, 12.440375], [76.666596, 12.438341], [76.686697, 12.429389], [76.698741, 12.427354], [76.708425, 12.424506], [76.726085, 12.410956], [76.736501, 12.406277], [76.765147, 12.406358], [76.778738, 12.400458], [76.784434, 12.382351], [76.79241, 12.367011], [76.846446, 12.310085], [76.882742, 12.256374], [76.89088, 12.248603], [76.896902, 12.24433], [76.904307, 12.234931], [76.913666, 12.225531], [76.925304, 12.221259], [76.937999, 12.222846], [76.96933, 12.235541], [77.015554, 12.238145], [77.016368, 12.212592], [77.011322, 12.182888], [77.038992, 12.172878], [77.045909, 12.171698], [77.052175, 12.169704], [77.05657, 12.171942], [77.058116, 12.183702], [77.062266, 12.186835], [77.082286, 12.188096], [77.089854, 12.190538], [77.096446, 12.193874], [77.115245, 12.198554], [77.120209, 12.200792], [77.124766, 12.211737], [77.12322, 12.220893], [77.120372, 12.228705], [77.120209, 12.235541], [77.128998, 12.248155], [77.153331, 12.263007], [77.164968, 12.272773], [77.172537, 12.285712], [77.176768, 12.297471], [77.182872, 12.308132], [77.195893, 12.317491], [77.212494, 12.311143], [77.280935, 12.310085], [77.299327, 12.306342], [77.346202, 12.282742], [77.36614, 12.282904], [77.413259, 12.292589], [77.424897, 12.292996], [77.449229, 12.259467], [77.476573, 12.241767], [77.480398, 12.231553], [77.478445, 12.214626], [77.483409, 12.207628], [77.492198, 12.205512], [77.667735, 12.203925], [77.698416, 12.198065], [77.724539, 12.184882], [77.732921, 12.174628], [77.734955, 12.163601], [77.728445, 12.118109], [77.729421, 12.079291], [77.727306, 12.061103], [77.717214, 12.03913], [77.682628, 11.996853], [77.674897, 11.970526]], [[75.660411, 12.337958], [75.677419, 12.330593], [75.718354, 12.304877], [75.743582, 12.284491], [75.752045, 12.284206], [75.759369, 12.287462], [75.766856, 12.289578], [75.797537, 12.303819], [75.799734, 12.306423], [75.801768, 12.310858], [75.805186, 12.315212], [75.811127, 12.317491], [75.816987, 12.316677], [75.822358, 12.314073], [75.825857, 12.311387], [75.82545, 12.310085], [75.849213, 12.310858], [75.858979, 12.313666], [75.86964, 12.320624], [75.884207, 12.336371], [75.894216, 12.354112], [75.916921, 12.426296], [75.92099, 12.433539], [75.95517, 12.443793], [75.955658, 12.464464], [75.959727, 12.495185], [75.963796, 12.509345], [75.969493, 12.522976], [75.977957, 12.536648], [76.013601, 12.574164], [76.023367, 12.587714], [76.030284, 12.602484], [76.039236, 12.614325], [76.054779, 12.619167], [76.109386, 12.602566], [76.119151, 12.601752], [76.127696, 12.58751], [76.165701, 12.582302], [76.174327, 12.574164], [76.179698, 12.555609], [76.192556, 12.542914], [76.208588, 12.534735], [76.222748, 12.529731], [76.22698, 12.526231], [76.229096, 12.517279], [76.232595, 12.515489], [76.238862, 12.516669], [76.248057, 12.521796], [76.253184, 12.522976], [76.263113, 12.521064], [76.280365, 12.512152], [76.291026, 12.509304], [76.343191, 12.508002], [76.359304, 12.501817], [76.375987, 12.49197], [76.38974, 12.486029], [76.400076, 12.487982], [76.406993, 12.501817], [76.40325, 12.516181], [76.408214, 12.526475], [76.417898, 12.529649], [76.432384, 12.51614]], [[77.816824, 11.817084], [77.800304, 11.774685], [77.771414, 11.666368], [77.761729, 11.650417], [77.750499, 11.635769], [77.74114, 11.620144], [77.737234, 11.601508], [77.740001, 11.587022], [77.73935, 11.576606], [77.726736, 11.554389], [77.727306, 11.542548], [77.730235, 11.531684], [77.730398, 11.522406], [77.726085, 11.51557], [77.714122, 11.506863], [77.709972, 11.501899], [77.706554, 11.490749], [77.706472, 11.481635], [77.705333, 11.473212], [77.687755, 11.442816], [77.689708, 11.419989], [77.700857, 11.397773], [77.716807, 11.378363], [77.725597, 11.371894], [77.747569, 11.360216], [77.757742, 11.351101], [77.763194, 11.341417], [77.769135, 11.322048], [77.774832, 11.313544], [77.851085, 11.24372], [77.858897, 11.227403], [77.860037, 11.182888], [77.863292, 11.173407], [77.877452, 11.154649], [77.880626, 11.142198], [77.881928, 11.119005], [77.884288, 11.107978], [77.888113, 11.097846], [77.917003, 11.07156], [77.953624, 11.076036], [77.993582, 11.089545], [78.031993, 11.090399], [78.062511, 11.07746], [78.080577, 11.072089], [78.10377, 11.069892], [78.123464, 11.061957], [78.142345, 11.043036], [78.1692, 11.001003], [78.183035, 10.968573], [78.189057, 10.960028], [78.202403, 10.951036], [78.212332, 10.952012], [78.22169, 10.956977], [78.233816, 10.960028], [78.295828, 10.958808], [78.363048, 10.960517], [78.401378, 10.953477], [78.436615, 10.939521], [78.486827, 10.909451], [78.501557, 10.905585], [78.541921, 10.905463], [78.562429, 10.898627], [78.583995, 10.885565], [78.605968, 10.877305], [78.62794, 10.884955], [78.677989, 10.869412]], [[78.600027, 10.878119], [78.675792, 10.854193], [78.682628, 10.843858], [78.698741, 10.834296], [78.717214, 10.826931], [78.730968, 10.823513], [78.861746, 10.825751], [78.88559, 10.820299]], [[78.88559, 10.820299], [78.899832, 10.834011], [78.919526, 10.842108], [78.941661, 10.84455], [78.966807, 10.84455], [78.982351, 10.84748], [79.023692, 10.860785], [79.045665, 10.864447], [79.089122, 10.864325], [79.10906, 10.86697], [79.131602, 10.878526], [79.151459, 10.884223], [79.155528, 10.888048], [79.159434, 10.8935], [79.180186, 10.907986], [79.189545, 10.912869], [79.225678, 10.925849], [79.262706, 10.934027], [79.433604, 10.939561], [79.438975, 10.936387], [79.444347, 10.929307], [79.451182, 10.922227], [79.460541, 10.919053], [79.631847, 10.934394], [79.6421, 10.932685], [79.646983, 10.928005], [79.657644, 10.910468], [79.662608, 10.905463], [79.684011, 10.900662], [79.755382, 10.905463], [79.76767, 10.903144], [79.789806, 10.893378], [79.799815, 10.89114], [79.81129, 10.89411], [79.821788, 10.900214], [79.833263, 10.905382], [79.841238, 10.905463]], [[78.88559, 10.820299], [78.901541, 10.816677], [78.938406, 10.796698], [78.958914, 10.793891], [78.980479, 10.806098], [79.059255, 10.816677], [79.080089, 10.813259], [79.12322, 10.799262], [79.145274, 10.79621], [79.168386, 10.797878], [79.209727, 10.806098], [79.266531, 10.811103], [79.300141, 10.809394], [79.333263, 10.802598], [79.368337, 10.789374], [79.401866, 10.763007], [79.429861, 10.723822], [79.450857, 10.68122], [79.463959, 10.644721], [79.472667, 10.599392], [79.479991, 10.578315], [79.494395, 10.559394], [79.500011, 10.542996], [79.499441, 10.517198], [79.495372, 10.491238], [79.490733, 10.474066], [79.472097, 10.437527], [79.469249, 10.415798], [79.48463, 10.387641], [79.490326, 10.368109], [79.494395, 10.364203], [79.50058, 10.361925], [79.528575, 10.338324]], [[78.881765, 10.816677], [78.88559, 10.820299]]]}}, {"type": "Feature", "properties": {"name": "Brahmaputra"}, "geometry": {"type": "MultiLineString", "coordinates": [[[95.396495, 28.002956], [95.401541, 27.971991], [95.418956, 27.941718], [95.441335, 27.915554], [95.461518, 27.896796], [95.47169, 27.871365], [95.459483, 27.843858], [95.437266, 27.824815], [95.417003, 27.824774], [95.403331, 27.809353], [95.38323, 27.793809], [95.360281, 27.781806], [95.33839, 27.776964], [95.330333, 27.772406], [95.293468, 27.742784], [95.254405, 27.730333], [95.217703, 27.725287], [95.149425, 27.701239], [95.108165, 27.696601], [95.098155, 27.691352], [95.090831, 27.679267], [95.085541, 27.653428], [95.081147, 27.640448], [95.093435, 27.650906], [95.104096, 27.666775], [95.116954, 27.68122], [95.135753, 27.687567], [95.144135, 27.680487], [95.148367, 27.663764], [95.147065, 27.644395], [95.139415, 27.629584], [95.102468, 27.60989], [95.024913, 27.606757], [94.992442, 27.599433], [94.954845, 27.574652], [94.94394, 27.569403], [94.933116, 27.569648], [94.92335, 27.571641], [94.916596, 27.57156], [94.906342, 27.561876], [94.88087, 27.528591], [94.875662, 27.520046], [94.868175, 27.502997], [94.850678, 27.501044], [94.831391, 27.503485], [94.817556, 27.499538], [94.761811, 27.458319], [94.752208, 27.448594], [94.76946, 27.435004], [94.757823, 27.419257], [94.721446, 27.396796], [94.703136, 27.382432], [94.66684, 27.363796], [94.649832, 27.351833], [94.654796, 27.349148], [94.664806, 27.341498], [94.670095, 27.338731], [94.667003, 27.334825], [94.665538, 27.331407], [94.66448, 27.327989], [94.662852, 27.32449], [94.646495, 27.328152], [94.631847, 27.316107], [94.620616, 27.29621], [94.615001, 27.276679], [94.622813, 27.287462], [94.634532, 27.29918], [94.648448, 27.308417], [94.662852, 27.311469], [94.681407, 27.305691], [94.684255, 27.294949], [94.676687, 27.282009], [94.662852, 27.269884], [94.658376, 27.269599], [94.654307, 27.272406], [94.648367, 27.273057], [94.631847, 27.260606], [94.61964, 27.253607], [94.615001, 27.249376], [94.60849, 27.23725], [94.601329, 27.194159], [94.592865, 27.199815], [94.587901, 27.207587], [94.586355, 27.217353], [94.587576, 27.228868], [94.571056, 27.218085], [94.565359, 27.197048], [94.566498, 27.150092], [94.565684, 27.139838], [94.560313, 27.115587], [94.554779, 27.101386], [94.542003, 27.09988], [94.518891, 27.106024], [94.500906, 27.096869], [94.471446, 27.069525], [94.4546, 27.063788], [94.448416, 27.059394], [94.445404, 27.049018], [94.444347, 27.026882], [94.440684, 27.016669], [94.432221, 27.007758], [94.417003, 26.996161], [94.406261, 26.985134], [94.399832, 26.980536], [94.389171, 26.975653], [94.359386, 26.969916], [94.351492, 26.965155], [94.325287, 26.938788], [94.308116, 26.927598], [94.286632, 26.920437], [94.264578, 26.919013], [94.20753, 26.927273], [94.196869, 26.92418], [94.184255, 26.916571], [94.173757, 26.906602], [94.169444, 26.896552], [94.164643, 26.896674], [94.155284, 26.883246], [94.147716, 26.86872], [94.148936, 26.86579], [94.143565, 26.862372], [94.121593, 26.852159], [94.121186, 26.855414], [94.121593, 26.86579], [94.114757, 26.858344], [94.113292, 26.869452], [94.119395, 26.883246], [94.135183, 26.906806], [94.113455, 26.912421], [94.093435, 26.901923], [94.076427, 26.88703], [94.063487, 26.879462], [94.044363, 26.875841], [94.0088, 26.858466], [93.991222, 26.852159], [93.945567, 26.841579], [93.927013, 26.831651], [93.906505, 26.813992], [93.877533, 26.778673], [93.863373, 26.765937], [93.841075, 26.755927], [93.763764, 26.739529], [93.751557, 26.732042], [93.656668, 26.714952], [93.635916, 26.718085], [93.61671, 26.724799], [93.59905, 26.734239], [93.583588, 26.746039], [93.567963, 26.75198], [93.5053, 26.755927], [93.462576, 26.766954], [93.439952, 26.768093], [93.415701, 26.762152], [93.410818, 26.759589], [93.406668, 26.756049], [93.377452, 26.723456], [93.368337, 26.718451], [93.357595, 26.718451], [93.346202, 26.723009], [93.325776, 26.734931], [93.313243, 26.739773], [93.300222, 26.741767], [93.28712, 26.740912], [93.274343, 26.737128], [93.248057, 26.724433], [93.183116, 26.674018], [93.141612, 26.654568], [93.119151, 26.647488], [93.10434, 26.649766], [93.086681, 26.656195], [93.062511, 26.654608], [93.018565, 26.646064], [92.898448, 26.65351], [92.884207, 26.650987], [92.880626, 26.644477], [92.879975, 26.635443], [92.874522, 26.625596], [92.85377, 26.612006], [92.833751, 26.608344], [92.732595, 26.613593], [92.710704, 26.611355], [92.67628, 26.600206], [92.657156, 26.590847], [92.648692, 26.581244], [92.644542, 26.5692], [92.623139, 26.53323], [92.614513, 26.52322], [92.594737, 26.517524], [92.508067, 26.515733], [92.478933, 26.519477], [92.429698, 26.534695], [92.401541, 26.5362], [92.391205, 26.53323], [92.353282, 26.515733], [92.325125, 26.508165], [92.313894, 26.502712], [92.302013, 26.492133], [92.292735, 26.487576], [92.255056, 26.474799], [92.249522, 26.473944], [92.24464, 26.471544], [92.240652, 26.468044], [92.237071, 26.463568], [92.234386, 26.458319], [92.232432, 26.452704], [92.230968, 26.446885], [92.230235, 26.44123], [92.22462, 26.44123], [92.202647, 26.454617], [92.172781, 26.442939], [92.124441, 26.403388], [92.110362, 26.394843], [92.075776, 26.380154], [92.065847, 26.372382], [92.063406, 26.358751], [92.069265, 26.326117], [92.065847, 26.309638], [92.056895, 26.30329], [92.040701, 26.297146], [92.022472, 26.292304], [92.007823, 26.290391], [91.997081, 26.287055], [91.970795, 26.272081], [91.952891, 26.268663], [91.933523, 26.269558], [91.924734, 26.268012], [91.915701, 26.262885], [91.911876, 26.258979], [91.902599, 26.246161], [91.897553, 26.24197], [91.891205, 26.238796], [91.884369, 26.236599], [91.878022, 26.235378], [91.869884, 26.235867], [91.854096, 26.239691], [91.846121, 26.239325], [91.692393, 26.171942], [91.665294, 26.166449], [91.619395, 26.171332], [91.606944, 26.1706], [91.595144, 26.16706], [91.542084, 26.144843], [91.529063, 26.141059], [91.498139, 26.139757], [91.39088, 26.170437], [91.37558, 26.172146], [91.360444, 26.171576], [91.329845, 26.164008], [91.316417, 26.162177], [91.302826, 26.162665], [91.288178, 26.165595], [91.275076, 26.170478], [91.250418, 26.183214], [91.198253, 26.202826], [91.135509, 26.213568], [91.119721, 26.211859], [91.062104, 26.186835], [91.029552, 26.179999], [90.963796, 26.17414], [90.932872, 26.162543], [90.902843, 26.142646], [90.887462, 26.134955], [90.869151, 26.130886], [90.84962, 26.130439], [90.839692, 26.1317], [90.831065, 26.134711], [90.825125, 26.139024], [90.813975, 26.149197], [90.807384, 26.15351], [90.7942, 26.157986], [90.752452, 26.160183], [90.739513, 26.162787], [90.728282, 26.167548], [90.706391, 26.180121], [90.682058, 26.190009], [90.583018, 26.205146], [90.506847, 26.228705], [90.490001, 26.228868], [90.473888, 26.224555], [90.459972, 26.214871], [90.434255, 26.178249], [90.421479, 26.168402], [90.402924, 26.161444], [90.364513, 26.154568], [90.346121, 26.148301], [90.308442, 26.125067], [90.294037, 26.119737], [90.242442, 26.11282], [90.226329, 26.106472], [90.1963, 26.084499], [90.176768, 26.077216], [90.135753, 26.067654], [90.045421, 26.034044], [89.97519, 26.018988], [89.954194, 26.010688], [89.936615, 25.99433], [89.904063, 25.941962], [89.889659, 25.926459], [89.859386, 25.902167], [89.846446, 25.888739], [89.836436, 25.871405], [89.812999, 25.815741], [89.744884, 25.709499], [89.736827, 25.69184], [89.722585, 25.630927], [89.7046, 25.592963], [89.697765, 25.572943], [89.697032, 25.550727], [89.70696, 25.506212], [89.707612, 25.483344], [89.698416, 25.438788], [89.699229, 25.417344], [89.697276, 25.399278], [89.691417, 25.382025], [89.675385, 25.348944], [89.670909, 25.324327], [89.678315, 25.305243], [89.690929, 25.287177], [89.700776, 25.265733], [89.702647, 25.241767], [89.696707, 25.219916], [89.685069, 25.200141], [89.662527, 25.173367], [89.65797, 25.163845], [89.649994, 25.130683], [89.626231, 25.074774], [89.612722, 24.959825], [89.612722, 24.94835], [89.614268, 24.937079], [89.618093, 24.926215], [89.624278, 24.915839], [89.647472, 24.889838], [89.658132, 24.8699], [89.665294, 24.848334], [89.670665, 24.802924], [89.673595, 24.791531], [89.679291, 24.780707], [89.7046, 24.750556], [89.715831, 24.726426], [89.731537, 24.651719], [89.759858, 24.586982], [89.767996, 24.549587], [89.768972, 24.53087], [89.767345, 24.511176], [89.759288, 24.479844], [89.758311, 24.442572], [89.749034, 24.370551], [89.749034, 24.360785], [89.7553, 24.322455], [89.754649, 24.283271], [89.751475, 24.268256], [89.749034, 24.26081], [89.734793, 24.232733], [89.733165, 24.22366], [89.734874, 24.216498], [89.741222, 24.201199], [89.743175, 24.193183], [89.743337, 24.183783], [89.739675, 24.156684], [89.740326, 24.131293], [89.739675, 24.122992], [89.734793, 24.105984], [89.701671, 24.035509], [89.696788, 24.016059], [89.695811, 23.997016], [89.700287, 23.958116], [89.726085, 23.884467], [89.744395, 23.858669], [89.785655, 23.796739], [89.803722, 23.779812], [89.843272, 23.756049], [89.855072, 23.746609], [89.908621, 23.67414], [89.920095, 23.665229], [89.934011, 23.659776], [89.969005, 23.652167], [89.985037, 23.644355], [90.142589, 23.544501], [90.170339, 23.520453], [90.19337, 23.506903], [90.212901, 23.495469], [90.225352, 23.483018], [90.235281, 23.474392], [90.250092, 23.461982]], [[89.755463, 24.274441], [89.75644, 24.272895], [89.75823, 24.271511], [89.763927, 24.268012], [89.765717, 24.264268], [89.792572, 24.237576], [89.803722, 24.2296], [89.806651, 24.226589], [89.807628, 24.221218], [89.808116, 24.199327], [89.826101, 24.195136], [89.829845, 24.185981], [89.827891, 24.176825], [89.828868, 24.172634], [89.832286, 24.166124], [89.828298, 24.151801], [89.826427, 24.137559], [89.835704, 24.131049], [89.8838, 24.131049], [89.907156, 24.089464], [89.913259, 24.08747], [89.922781, 24.086778], [89.931244, 24.085069], [89.935069, 24.079861], [89.936453, 24.071804], [89.940033, 24.065741], [89.961436, 24.039618], [89.970307, 24.034857], [89.996349, 24.035468], [90.026296, 24.030707], [90.038503, 24.03087], [90.050955, 24.035468], [90.044932, 24.021796], [90.066417, 24.015082], [90.083507, 24.013048], [90.094737, 24.005968], [90.103282, 23.967719], [90.114675, 23.955919], [90.146658, 23.939276], [90.148936, 23.936713], [90.151296, 23.932644], [90.154714, 23.928412], [90.160248, 23.925605], [90.166108, 23.925889], [90.169037, 23.932644], [90.174571, 23.933051], [90.194591, 23.925971], [90.205007, 23.920844], [90.212169, 23.915635], [90.22698, 23.898017], [90.238292, 23.880398], [90.246023, 23.86046], [90.250418, 23.836249], [90.240896, 23.797431], [90.222992, 23.757188], [90.220225, 23.729356], [90.256602, 23.727607], [90.276541, 23.737413], [90.290701, 23.749701], [90.302664, 23.756659], [90.315115, 23.750556], [90.347179, 23.715766], [90.35963, 23.706488], [90.378022, 23.697821], [90.405284, 23.693793], [90.421641, 23.686062], [90.466889, 23.643866], [90.476329, 23.631415], [90.457042, 23.625515], [90.458018, 23.608507], [90.476329, 23.582953]]]}}, {"type": "Feature", "properties": {"name": "Tapi"}, "geometry": {"type": "MultiLineString", "coordinates": [[[78.130789, 21.700792], [78.027843, 21.681952], [77.997081, 21.68419], [77.951915, 21.715888], [77.924327, 21.725124], [77.839366, 21.724555], [77.811127, 21.727647], [77.807546, 21.733425], [77.808442, 21.760199], [77.807221, 21.773301], [77.778412, 21.811103], [77.728933, 21.821397], [77.395274, 21.807725], [77.368663, 21.805772], [77.312266, 21.808132], [77.296397, 21.804796], [77.302013, 21.787421], [77.285737, 21.777452], [77.239513, 21.763454], [77.227794, 21.754503], [77.2199, 21.747016], [77.211029, 21.74018], [77.196869, 21.733669], [77.177664, 21.729071], [77.115489, 21.724066], [77.069347, 21.712348], [77.028819, 21.693671], [76.91741, 21.618191], [76.899669, 21.612738], [76.843679, 21.613389], [76.813975, 21.600165], [76.793712, 21.577094], [76.788259, 21.546739], [76.771088, 21.512722], [76.726003, 21.479519], [76.67335, 21.453233], [76.634288, 21.440131], [76.606863, 21.438992], [76.527843, 21.453233], [76.492605, 21.45128], [76.388276, 21.422187], [76.343435, 21.399848], [76.234955, 21.297553], [76.173757, 21.258857], [76.16212, 21.248236], [76.143565, 21.224392], [76.099701, 21.188015], [76.072276, 21.171169], [76.067149, 21.160834], [76.064952, 21.150255], [76.057384, 21.139838], [76.000418, 21.102403], [75.935802, 21.075751], [75.867686, 21.060858], [75.799571, 21.058661], [75.771495, 21.062934], [75.718191, 21.082058], [75.692475, 21.09455], [75.664561, 21.104438], [75.578054, 21.117458], [75.440196, 21.17003], [75.387706, 21.172797], [75.370372, 21.170111], [75.31544, 21.150336], [75.303152, 21.148261], [75.239838, 21.149766], [75.225352, 21.153347], [75.209076, 21.159369], [75.187918, 21.174343], [75.177013, 21.178778], [75.121593, 21.166327], [75.066661, 21.170844], [75.014089, 21.186306], [74.971772, 21.215847], [74.955577, 21.220282], [74.948985, 21.2237], [74.941661, 21.232042], [74.932546, 21.245632], [74.923839, 21.25377], [74.902599, 21.264024], [74.851003, 21.273871], [74.827891, 21.280951], [74.807221, 21.297919], [74.783702, 21.34162], [74.762218, 21.36046], [74.704112, 21.382025], [74.694916, 21.388536], [74.688975, 21.394843], [74.681244, 21.399766], [74.404877, 21.444119], [74.383718, 21.455512], [74.360281, 21.475694], [74.331391, 21.506863], [74.313894, 21.517157], [74.291921, 21.517401], [74.260183, 21.511501], [74.226573, 21.509548], [74.192882, 21.511176], [74.160411, 21.516221], [74.134044, 21.515937], [73.94101, 21.473741], [73.906505, 21.461982], [73.884532, 21.451687], [73.864757, 21.439399], [73.847667, 21.424831], [73.806407, 21.369818], [73.790131, 21.356635], [73.727468, 21.324774], [73.713145, 21.310655], [73.703624, 21.289252], [73.7046, 21.280341], [73.708588, 21.272325], [73.71046, 21.264106], [73.704194, 21.254706], [73.691905, 21.247382], [73.679454, 21.245469], [73.62672, 21.249213], [73.524343, 21.271796], [73.388438, 21.280382], [73.36378, 21.279079], [73.341563, 21.272406], [73.331472, 21.265448], [73.324474, 21.257839], [73.316173, 21.250922], [73.302175, 21.245917], [73.286143, 21.244656], [73.252533, 21.245917], [73.235362, 21.243354], [73.197683, 21.228135], [73.183197, 21.227322], [73.163503, 21.23017], [73.147065, 21.234931], [73.132823, 21.243842], [73.106049, 21.273627], [73.089773, 21.285427], [73.071056, 21.293769], [73.010671, 21.307074], [72.998139, 21.308132], [72.981863, 21.305284], [72.97169, 21.299831], [72.962332, 21.29324], [72.92685, 21.276964], [72.877452, 21.229315], [72.857432, 21.227891], [72.819835, 21.2508], [72.801768, 21.244656], [72.798757, 21.230536], [72.812022, 21.202094], [72.805186, 21.190863], [72.751394, 21.155707], [72.728608, 21.148057]]]}}, {"type": "Feature", "properties": {"name": "Ganges"}, "geometry": {"type": "MultiLineString", "coordinates": [[[79.84075, 30.888495], [79.820323, 30.856757], [79.813731, 30.840155], [79.813487, 30.819607], [79.818451, 30.802924], [79.83489, 30.768907], [79.84075, 30.750678], [79.840261, 30.744696], [79.837901, 30.740017], [79.836925, 30.733954], [79.84075, 30.723985], [79.849213, 30.714626], [79.868907, 30.700751], [79.874929, 30.689236], [79.856537, 30.684882], [79.847097, 30.675564], [79.833914, 30.648261], [79.824799, 30.637234], [79.807384, 30.626654], [79.796397, 30.61754], [79.779307, 30.595486], [79.753835, 30.546576], [79.738292, 30.524115], [79.715343, 30.508165], [79.684988, 30.500108], [79.654714, 30.501654], [79.631602, 30.514512], [79.593272, 30.550645], [79.568777, 30.56684], [79.545909, 30.573188], [79.522553, 30.563992], [79.436046, 30.482367], [79.409434, 30.439073], [79.388927, 30.42239], [79.340831, 30.409939], [79.3213, 30.398057], [79.31308, 30.372097], [79.31308, 30.371161], [79.306733, 30.345974], [79.290701, 30.323188], [79.268891, 30.30447], [79.218761, 30.2803], [79.205089, 30.277167], [79.189545, 30.277696], [79.177989, 30.282172], [79.170665, 30.288926], [79.165701, 30.295356], [79.162364, 30.298855], [79.136974, 30.304307], [79.020274, 30.307685], [79.000662, 30.306016], [78.903819, 30.267849], [78.878347, 30.264716], [78.858653, 30.25906], [78.803152, 30.235907], [78.789073, 30.233344], [78.779714, 30.238105], [78.770763, 30.236355], [78.762462, 30.232245], [78.754812, 30.229926], [78.741954, 30.232489], [78.70989, 30.242784], [78.696218, 30.244208], [78.687104, 30.240017], [78.642589, 30.204454], [78.594249, 30.145209], [78.582612, 30.122138], [78.578868, 30.097602], [78.586355, 30.072862], [78.537201, 30.077338], [78.528575, 30.076361], [78.517345, 30.073188], [78.46339, 30.072862], [78.453054, 30.07571], [78.441905, 30.081488], [78.433035, 30.090603], [78.42213, 30.122138], [78.40504, 30.132351], [78.384532, 30.133897], [78.367198, 30.126899], [78.357921, 30.13349], [78.34547, 30.139106], [78.332123, 30.142035], [78.320079, 30.14057], [78.285818, 30.096503], [78.28004, 30.071601], [78.265717, 30.054063], [78.230724, 30.024482], [78.164073, 29.949897], [78.154877, 29.925482], [78.156342, 29.89997], [78.160737, 29.877224], [78.19044, 29.79267], [78.197846, 29.748236], [78.189057, 29.706732], [78.154877, 29.675076], [78.107188, 29.654568], [78.094737, 29.646511], [78.090017, 29.642442], [78.084483, 29.641059], [78.069347, 29.640937], [78.042084, 29.634874], [78.018891, 29.619208], [78.000987, 29.597032], [77.990489, 29.572048], [77.991791, 29.531073], [78.011241, 29.497667], [78.035655, 29.467231], [78.052419, 29.434841], [78.053722, 29.419867], [78.050304, 29.389268], [78.052419, 29.373969], [78.062104, 29.363796], [78.075206, 29.35574], [78.082042, 29.344672], [78.072358, 29.325629], [78.103526, 29.27851], [78.117198, 29.25141], [78.117686, 29.2331], [78.113536, 29.222683], [78.115001, 29.211859], [78.118744, 29.201483], [78.120942, 29.192165], [78.115245, 29.179755], [78.088471, 29.153144], [78.079845, 29.140652], [78.076101, 29.058051], [78.079519, 29.046942], [78.072032, 28.991319], [78.072358, 28.969306], [78.0949, 28.935981], [78.105968, 28.913642], [78.10377, 28.897325], [78.096202, 28.88703], [78.095795, 28.877631], [78.098562, 28.867865], [78.100352, 28.856309], [78.099132, 28.851386], [78.094005, 28.841986], [78.092784, 28.835883], [78.095876, 28.828477], [78.103038, 28.824164], [78.110362, 28.821316], [78.114675, 28.818468], [78.118663, 28.814317], [78.123057, 28.813422], [78.12672, 28.811632], [78.128347, 28.804796], [78.126964, 28.799913], [78.121593, 28.788031], [78.120942, 28.784369], [78.12379, 28.778144], [78.13144, 28.770046], [78.134532, 28.763861], [78.140229, 28.74787], [78.146495, 28.738349], [78.165701, 28.719184], [78.182709, 28.692898], [78.183604, 28.67182], [78.177989, 28.649848], [78.176036, 28.620469], [78.195323, 28.570258], [78.264659, 28.488796], [78.279063, 28.441718], [78.27239, 28.43476], [78.267507, 28.428168], [78.26474, 28.421251], [78.2671, 28.419989], [78.271983, 28.414984], [78.276866, 28.407986], [78.279063, 28.400743], [78.275401, 28.390448], [78.268321, 28.381049], [78.263927, 28.372016], [78.268565, 28.36286], [78.275483, 28.355007], [78.280935, 28.344794], [78.284597, 28.333441], [78.285818, 28.322292], [78.290131, 28.306952], [78.300792, 28.296169], [78.326752, 28.277208], [78.345225, 28.251776], [78.353526, 28.243109], [78.37379, 28.229804], [78.382742, 28.221991], [78.406261, 28.186103], [78.441417, 28.150662], [78.456065, 28.12641], [78.46339, 28.105902], [78.477061, 28.092882], [78.543956, 28.045193], [78.556651, 28.03974], [78.569591, 28.037665], [78.584727, 28.032782], [78.595307, 28.021186], [78.604096, 28.007514], [78.614268, 27.996039], [78.62558, 27.989936], [78.669526, 27.975613], [78.711681, 27.96894], [78.720714, 27.965033], [78.73878, 27.952012], [78.759939, 27.945583], [78.806082, 27.941474], [78.877045, 27.922187], [78.895112, 27.913153], [78.939464, 27.882839], [78.945893, 27.872585], [78.950694, 27.848904], [78.956716, 27.838446], [78.981212, 27.827012], [79.032807, 27.83161], [79.055919, 27.821357], [79.076264, 27.815619], [79.130056, 27.827501], [79.155528, 27.817939], [79.161388, 27.810411], [79.163992, 27.802843], [79.165701, 27.794257], [79.1692, 27.7838], [79.192963, 27.735704], [79.195567, 27.723985], [79.195567, 27.711046], [79.197032, 27.699327], [79.203624, 27.691352], [79.265391, 27.6671], [79.298269, 27.649685], [79.33196, 27.636827], [79.368582, 27.634101], [79.409923, 27.646593], [79.443289, 27.60696], [79.464692, 27.586534], [79.480724, 27.577704], [79.493175, 27.573432], [79.515717, 27.554714], [79.528575, 27.550401], [79.546479, 27.548163], [79.554779, 27.541531], [79.557872, 27.530829], [79.561697, 27.486884], [79.566417, 27.475369], [79.576182, 27.46308], [79.598562, 27.448594], [79.611095, 27.437812], [79.622488, 27.417507], [79.626231, 27.394843], [79.628429, 27.351833], [79.631602, 27.340888], [79.636241, 27.330512], [79.648936, 27.311469], [79.684255, 27.276475], [79.689952, 27.266425], [79.697765, 27.241523], [79.716726, 27.225043], [79.765636, 27.201606], [79.819021, 27.156928], [79.837983, 27.145209], [79.850841, 27.141059], [79.857595, 27.139919], [79.864838, 27.139512], [79.91155, 27.148383], [79.930186, 27.143744], [79.950613, 27.119005], [79.990245, 27.049628], [80.008311, 27.026882], [80.012462, 27.017117], [80.010753, 27.006415], [80.007253, 26.995673], [80.005056, 26.985622], [80.009369, 26.97073], [80.019949, 26.957221], [80.089854, 26.896918], [80.107839, 26.873725], [80.115001, 26.848456], [80.117686, 26.8039], [80.121674, 26.781358], [80.128184, 26.762152], [80.141612, 26.742377], [80.162608, 26.722602], [80.186127, 26.707384], [80.231212, 26.69599], [80.245128, 26.681952], [80.253184, 26.662136], [80.262136, 26.62991], [80.290538, 26.570095], [80.296886, 26.548692], [80.305756, 26.541287], [80.317882, 26.53738], [80.330658, 26.5362], [80.336355, 26.530137], [80.343272, 26.500067], [80.347748, 26.488389], [80.403331, 26.441596], [80.414806, 26.436225], [80.42628, 26.432318], [80.509939, 26.381049], [80.525971, 26.364936], [80.532725, 26.348944], [80.553315, 26.262966], [80.553803, 26.25198], [80.558849, 26.238227], [80.570567, 26.232611], [80.584402, 26.229071], [80.5949, 26.221503], [80.59962, 26.210517], [80.599132, 26.202216], [80.596446, 26.194119], [80.5949, 26.183661], [80.597667, 26.174587], [80.604584, 26.169053], [80.622162, 26.160102], [80.673106, 26.114814], [80.69044, 26.104844], [80.700694, 26.103827], [80.718761, 26.10989], [80.728282, 26.11164], [80.742931, 26.110175], [80.750011, 26.106024], [80.755626, 26.099555], [80.765554, 26.091173], [80.788585, 26.080634], [80.796886, 26.07335], [80.800304, 26.060411], [80.797944, 26.049099], [80.795095, 26.040351], [80.798432, 26.034044], [80.813975, 26.029731], [80.832449, 26.047919], [80.853445, 26.058173], [80.877859, 26.062812], [80.906342, 26.06391], [80.925792, 26.066596], [80.961925, 26.076972], [80.985281, 26.076931], [81.010753, 26.071357], [81.032807, 26.060981], [81.04835, 26.044053], [81.05421, 26.018866], [81.065196, 26.000312], [81.090424, 25.984076], [81.117931, 25.972276], [81.135509, 25.967068], [81.163178, 25.962958], [81.187266, 25.955268], [81.204112, 25.939276], [81.213878, 25.882839], [81.224539, 25.868516], [81.243744, 25.860378], [81.294444, 25.84516], [81.302013, 25.840766], [81.358653, 25.78616], [81.366791, 25.780829], [81.384044, 25.777167], [81.392833, 25.772162], [81.402761, 25.758897], [81.400483, 25.749538], [81.392019, 25.740424], [81.382498, 25.728095], [81.37672, 25.704291], [81.382823, 25.682074], [81.399994, 25.665595], [81.44101, 25.654893], [81.464122, 25.636094], [81.47877, 25.631903], [81.51295, 25.631171], [81.515147, 25.62873], [81.515636, 25.624538], [81.526134, 25.60932], [81.530935, 25.599718], [81.538992, 25.591091], [81.553803, 25.584662], [81.566173, 25.584011], [81.598888, 25.590888], [81.630056, 25.586534], [81.639252, 25.574246], [81.642833, 25.554796], [81.657481, 25.529486], [81.663666, 25.524482], [81.676768, 25.519843], [81.684093, 25.515815], [81.704682, 25.494696], [81.716889, 25.493598], [81.745128, 25.495795], [81.75587, 25.491278], [81.778331, 25.477973], [81.798757, 25.480658], [81.841807, 25.502143], [81.885753, 25.512885], [81.90797, 25.511664], [81.917491, 25.498399], [81.913097, 25.477118], [81.904552, 25.45836], [81.898936, 25.438341], [81.90325, 25.412787], [81.918956, 25.376288], [81.937511, 25.344509], [81.95045, 25.333767], [81.9699, 25.32449], [81.991303, 25.320909], [82.009369, 25.327094], [82.025483, 25.335273], [82.042979, 25.335557], [82.060069, 25.329047], [82.075206, 25.316596], [82.082286, 25.300808], [82.08253, 25.287706], [82.08839, 25.278876], [82.112397, 25.27558], [82.129161, 25.282009], [82.159272, 25.310167], [82.181407, 25.316596], [82.191661, 25.314724], [82.204194, 25.309638], [82.214773, 25.302069], [82.219249, 25.29267], [82.217459, 25.280382], [82.213878, 25.272284], [82.208995, 25.264919], [82.205007, 25.255154], [82.196218, 25.218817], [82.196218, 25.202826], [82.201752, 25.189968], [82.216401, 25.183702], [82.236501, 25.185736], [82.273204, 25.193671], [82.264415, 25.203559], [82.239024, 25.213243], [82.225352, 25.220323], [82.243744, 25.239936], [82.253917, 25.257676], [82.266124, 25.270616], [82.290619, 25.27558], [82.312429, 25.263129], [82.327647, 25.215115], [82.348888, 25.214179], [82.360362, 25.224921], [82.372325, 25.253201], [82.383067, 25.26199], [82.397227, 25.26081], [82.414073, 25.252631], [82.430186, 25.241482], [82.441417, 25.231228], [82.47698, 25.186143], [82.496755, 25.169867], [82.527192, 25.159491], [82.551036, 25.157823], [82.578217, 25.1612], [82.592784, 25.173163], [82.567556, 25.2178], [82.585948, 25.225043], [82.615245, 25.224189], [82.636974, 25.220323], [82.684825, 25.193671], [82.730072, 25.155951], [82.778575, 25.124945], [82.835541, 25.118598], [82.871023, 25.137234], [82.920421, 25.194607], [82.961925, 25.206732], [82.995942, 25.204942], [83.008311, 25.21072], [83.019949, 25.22781], [83.025076, 25.246161], [83.023367, 25.262397], [83.016531, 25.276679], [83.006277, 25.289252], [83.041515, 25.323065], [83.134939, 25.326443], [83.171397, 25.351345], [83.179779, 25.378852], [83.177826, 25.410264], [83.163097, 25.436143], [83.1338, 25.446885], [83.123057, 25.452216], [83.130463, 25.464138], [83.153901, 25.484442], [83.161632, 25.49494], [83.174327, 25.519477], [83.185639, 25.529486], [83.212576, 25.535224], [83.23349, 25.524726], [83.253347, 25.509792], [83.290945, 25.49787], [83.311697, 25.479112], [83.325857, 25.47488], [83.342052, 25.477851], [83.368337, 25.491278], [83.383067, 25.494696], [83.409434, 25.487006], [83.436697, 25.467231], [83.482921, 25.423041], [83.507253, 25.406928], [83.53004, 25.401923], [83.543875, 25.411566], [83.54127, 25.43948], [83.503184, 25.48904], [83.490896, 25.517117], [83.510265, 25.529486], [83.536388, 25.534613], [83.558849, 25.547797], [83.59962, 25.584052], [83.617117, 25.597724], [83.634044, 25.604031], [83.664154, 25.611436], [83.692963, 25.614691], [83.705658, 25.608262], [83.711192, 25.601345], [83.723155, 25.594835], [83.735037, 25.586493], [83.740489, 25.573839], [83.745128, 25.550971], [83.749441, 25.537787], [83.75351, 25.529486], [83.771983, 25.517279], [83.793549, 25.515896], [83.839692, 25.52204], [83.88087, 25.52204], [83.897716, 25.523993], [83.904307, 25.529568], [83.908376, 25.538153], [83.917979, 25.549343], [83.981944, 25.589382], [84.003429, 25.608262], [84.058116, 25.673774], [84.143484, 25.736274], [84.179779, 25.745958], [84.212901, 25.728095], [84.217377, 25.713568], [84.22047, 25.695095], [84.229991, 25.681098], [84.253835, 25.679714], [84.272472, 25.692939], [84.308116, 25.738634], [84.326182, 25.748562], [84.339773, 25.752712], [84.355968, 25.760565], [84.372651, 25.765163], [84.387625, 25.759467], [84.419037, 25.73078], [84.437999, 25.718777], [84.463959, 25.711982], [84.479747, 25.703477], [84.486501, 25.700751], [84.49879, 25.699083], [84.560313, 25.701972], [84.577159, 25.700019], [84.595795, 25.693305], [84.617279, 25.702257], [84.668224, 25.705919], [84.688975, 25.717231], [84.709402, 25.737616], [84.728526, 25.749701], [84.749278, 25.753363], [84.775076, 25.748562], [84.853119, 25.712429], [84.881358, 25.707587], [84.904796, 25.711493], [84.949229, 25.729519], [84.973888, 25.734931], [84.996349, 25.73489], [85.058849, 25.728095], [85.085948, 25.721055], [85.102061, 25.703681], [85.124034, 25.659206], [85.142833, 25.641872], [85.162608, 25.638292], [85.182709, 25.637641], [85.20989, 25.626247], [85.233653, 25.619574], [85.237071, 25.618232], [85.244721, 25.613593], [85.251964, 25.603095], [85.261241, 25.584662], [85.272472, 25.56741], [85.284434, 25.554267], [85.299327, 25.546007], [85.319591, 25.543077], [85.333263, 25.537665], [85.369395, 25.51378], [85.388113, 25.508368], [85.421397, 25.517035], [85.456065, 25.537787], [85.515066, 25.584662], [85.559662, 25.523464], [85.576589, 25.508368], [85.621349, 25.482042], [85.634288, 25.471137], [85.651947, 25.463446], [85.670909, 25.469306], [85.72169, 25.504177], [85.737641, 25.510688], [85.755951, 25.514594], [85.778819, 25.515815], [85.830658, 25.50495], [85.872081, 25.478217], [85.946381, 25.412787], [85.997, 25.380316], [86.019135, 25.359158], [86.028331, 25.33393], [86.039154, 25.33039], [86.089447, 25.331977], [86.104096, 25.330186], [86.115896, 25.331488], [86.162201, 25.326199], [86.176036, 25.320258], [86.185802, 25.319281], [86.222585, 25.329413], [86.241222, 25.330186], [86.257904, 25.325385], [86.274425, 25.317572], [86.290294, 25.306708], [86.306163, 25.29267], [86.318126, 25.292507], [86.377859, 25.31037], [86.41505, 25.330878], [86.446056, 25.361884], [86.470225, 25.397773], [86.487722, 25.433214], [86.506847, 25.462673], [86.534434, 25.482856], [86.564382, 25.485216], [86.59075, 25.461208], [86.578868, 25.418769], [86.5796, 25.375067], [86.591075, 25.334988], [86.611257, 25.303534], [86.649669, 25.273057], [86.693858, 25.256415], [86.739675, 25.256374], [86.782481, 25.27558], [86.834727, 25.325954], [86.85849, 25.340644], [86.867931, 25.347927], [86.889903, 25.349962], [86.920421, 25.333319], [86.974213, 25.289252], [86.996186, 25.278388], [87.046886, 25.268907], [87.07724, 25.254218], [87.08782, 25.255927], [87.098155, 25.259792], [87.108409, 25.26199], [87.12379, 25.25727], [87.147065, 25.235175], [87.159923, 25.22781], [87.190115, 25.230292], [87.217703, 25.248358], [87.238536, 25.27501], [87.248627, 25.303534], [87.282156, 25.356147], [87.303722, 25.377061], [87.331554, 25.387274], [87.342459, 25.395819], [87.351085, 25.398505], [87.356619, 25.397813], [87.372325, 25.393337], [87.382091, 25.392279], [87.401378, 25.394395], [87.443858, 25.405951], [87.478282, 25.403754], [87.490652, 25.399685], [87.501882, 25.392279], [87.511974, 25.381944], [87.518077, 25.371365], [87.529796, 25.344509], [87.535737, 25.320136], [87.539806, 25.316596], [87.549734, 25.315253], [87.558116, 25.311957], [87.570242, 25.303534], [87.581472, 25.289984], [87.588634, 25.276882], [87.598643, 25.26671], [87.659597, 25.255154], [87.681163, 25.245469], [87.726085, 25.251654], [87.749522, 25.248318], [87.759776, 25.243516], [87.770112, 25.237006], [87.778819, 25.227607], [87.783702, 25.214179], [87.783376, 25.200303], [87.779063, 25.192003], [87.773204, 25.184597], [87.76946, 25.173163], [87.768647, 25.159288], [87.770437, 25.148017], [87.776296, 25.124783], [87.776459, 25.117987], [87.775076, 25.103339], [87.776296, 25.096869], [87.780935, 25.089911], [87.786876, 25.087592], [87.792572, 25.086615], [87.797374, 25.083808], [87.835541, 25.047187], [87.860606, 25.030788], [87.885509, 25.022325], [87.894054, 25.020819], [87.913097, 25.00373], [87.91627, 25.001899], [87.935313, 25.00434], [87.943858, 25.000596], [87.954275, 24.987616], [87.961192, 24.966173], [87.9581, 24.944159], [87.948985, 24.92414], [87.937022, 24.908759], [87.914806, 24.889024], [87.908702, 24.878363], [87.906668, 24.860948], [87.911143, 24.844428], [87.92213, 24.826524], [87.94752, 24.795762], [87.944916, 24.755316], [87.959483, 24.717231], [88.00587, 24.655544], [88.021495, 24.645819], [88.040457, 24.640652], [88.056733, 24.634304], [88.066905, 24.613878], [88.081472, 24.600124], [88.084727, 24.594062], [88.084727, 24.541938], [88.085541, 24.536933], [88.089692, 24.53323], [88.098399, 24.522732], [88.111257, 24.502061], [88.118907, 24.494167], [88.133393, 24.482489], [88.151378, 24.471706], [88.171153, 24.463731], [88.190847, 24.460639], [88.225108, 24.460639], [88.236257, 24.462755], [88.250906, 24.472195], [88.259776, 24.474311], [88.272227, 24.474962], [88.283376, 24.477118], [88.292898, 24.480577], [88.299734, 24.48546], [88.307872, 24.486151], [88.316417, 24.468451], [88.321707, 24.462755], [88.328136, 24.460639], [88.379487, 24.402289], [88.387218, 24.38878], [88.405284, 24.37169], [88.426687, 24.357001], [88.444428, 24.350775], [88.483328, 24.352973], [88.506114, 24.357978], [88.516124, 24.367499], [88.681407, 24.334052], [88.714285, 24.315619], [88.737071, 24.287299], [88.742686, 24.247748], [88.744558, 24.243679], [88.747081, 24.227159], [88.749278, 24.223456], [88.746104, 24.214219], [88.734386, 24.198594], [88.731212, 24.190009], [88.732188, 24.1824], [88.73585, 24.174587], [88.751475, 24.152655], [88.758067, 24.147406], [88.782481, 24.135769], [88.796967, 24.126003], [88.804779, 24.122097], [88.824474, 24.119086], [88.842784, 24.123236], [88.907319, 24.150987], [88.920909, 24.159451], [88.930675, 24.171576], [88.941173, 24.171942], [88.950694, 24.170437], [88.959727, 24.16706], [88.969005, 24.161973], [88.976736, 24.155951], [88.999929, 24.127794], [89.022553, 24.107204], [89.032725, 24.100043], [89.036632, 24.095323], [89.040457, 24.086046], [89.042491, 24.07807], [89.045421, 24.070583], [89.05185, 24.062323], [89.059255, 24.05504], [89.065684, 24.047065], [89.069753, 24.03795], [89.069753, 24.027452], [89.066498, 24.014838], [89.065033, 24.005316], [89.068126, 23.996446], [89.077566, 23.985867], [89.088715, 23.977159]], [[87.93808, 24.805732], [87.920014, 24.782009], [87.920421, 24.72663], [87.933197, 24.635077], [87.940929, 24.619452], [88.028087, 24.547878], [88.057384, 24.515896], [88.051768, 24.510321], [88.050385, 24.504991], [88.052745, 24.49962], [88.065359, 24.4831], [88.070567, 24.467393], [88.071056, 24.464057], [88.077891, 24.456163], [88.109304, 24.450954], [88.118907, 24.446967], [88.120372, 24.433214], [88.114757, 24.420762], [88.112804, 24.409369], [88.125662, 24.398546], [88.142182, 24.40823], [88.150076, 24.405829], [88.152843, 24.397244], [88.152924, 24.388292], [88.156261, 24.37169], [88.164806, 24.365587], [88.17685, 24.362331], [88.205333, 24.346503], [88.212332, 24.341417], [88.215017, 24.33336], [88.217052, 24.324327], [88.222179, 24.324164], [88.22877, 24.326199], [88.235606, 24.323513], [88.23878, 24.322699], [88.247325, 24.317654], [88.252452, 24.311876], [88.245942, 24.30919], [88.239024, 24.307481], [88.234386, 24.302924], [88.231212, 24.296454], [88.22877, 24.288682], [88.253022, 24.27143], [88.260346, 24.228135], [88.256602, 24.141303], [88.232188, 24.070258], [88.220714, 24.060655], [88.209727, 24.015692], [88.194591, 24.001329], [88.220144, 23.990261], [88.22877, 23.987657], [88.22877, 23.980251], [88.203217, 23.981147], [88.198741, 23.97309], [88.208263, 23.949774], [88.209483, 23.928168], [88.221283, 23.870958], [88.223643, 23.840155], [88.22755, 23.826768], [88.239024, 23.812608], [88.240489, 23.79914], [88.237804, 23.774766], [88.228119, 23.756456], [88.208263, 23.761094], [88.200125, 23.742214], [88.173595, 23.716986], [88.15976, 23.699652], [88.153087, 23.683214], [88.146902, 23.657742], [88.148204, 23.634304], [88.163178, 23.623969], [88.219005, 23.606513], [88.22877, 23.606879], [88.222992, 23.627061], [88.224132, 23.635281], [88.235606, 23.637559], [88.239268, 23.633165], [88.256602, 23.603461], [88.248057, 23.589789], [88.252615, 23.580919], [88.264171, 23.576606], [88.276459, 23.576768], [88.288178, 23.582099], [88.324962, 23.610297], [88.330007, 23.592149], [88.321381, 23.574286], [88.304454, 23.559027], [88.283295, 23.548855], [88.294688, 23.536444], [88.312999, 23.535712], [88.333751, 23.538194], [88.352306, 23.535183], [88.365001, 23.524115], [88.367931, 23.511786], [88.356944, 23.469346], [88.356537, 23.46247], [88.354991, 23.456814], [88.341319, 23.44123], [88.34075, 23.437567], [88.3449, 23.433946], [88.352306, 23.425971], [88.35906, 23.421576], [88.368256, 23.419216], [88.376069, 23.41413], [88.379487, 23.401719], [88.378998, 23.390937], [88.377452, 23.383612], [88.372081, 23.370714], [88.370372, 23.36046], [88.370372, 23.351752], [88.367198, 23.345649], [88.342703, 23.340644], [88.340831, 23.333808], [88.343679, 23.324978], [88.34547, 23.316107], [88.34547, 23.278184], [88.347748, 23.269802], [88.353526, 23.26671], [88.360281, 23.265163], [88.365896, 23.26085], [88.382253, 23.225287], [88.392182, 23.215766], [88.413097, 23.212429], [88.444347, 23.217393], [88.457449, 23.212429], [88.468272, 23.192572], [88.447276, 23.154405], [88.447276, 23.142361], [88.460948, 23.130479], [88.472341, 23.126288], [88.483653, 23.123887], [88.492198, 23.118964], [88.495616, 23.107245], [88.491791, 23.096991], [88.473643, 23.07449], [88.468272, 23.062852], [88.481619, 23.061835], [88.491954, 23.056749], [88.495128, 23.049343], [88.48878, 23.041124], [88.475027, 23.037543], [88.462169, 23.039496], [88.450694, 23.039089], [88.44044, 23.028103], [88.448416, 23.021267], [88.431082, 23.003526], [88.417735, 22.986518], [88.409272, 22.967068], [88.406912, 22.945502]], [[88.429128, 24.35578], [88.421641, 24.333279], [88.430105, 24.323554], [88.442312, 24.314643], [88.453298, 24.283393], [88.466238, 24.270087], [88.482514, 24.264472], [88.499034, 24.271674], [88.518077, 24.263454], [88.53712, 24.229926], [88.539643, 24.199246], [88.509288, 24.199327], [88.512625, 24.188585], [88.518891, 24.184516], [88.525645, 24.183051], [88.529714, 24.18004], [88.531749, 24.171983], [88.530854, 24.168158], [88.529389, 24.164862], [88.529714, 24.158393], [88.528738, 24.151964], [88.524913, 24.148017], [88.523448, 24.14411], [88.529714, 24.137885], [88.538259, 24.136583], [88.555675, 24.145819], [88.564545, 24.144721], [88.567393, 24.139228], [88.568614, 24.122423], [88.570811, 24.117377], [88.578136, 24.114691], [88.584727, 24.115749], [88.591238, 24.117621], [88.598643, 24.117377], [88.619721, 24.108466], [88.625906, 24.098456], [88.626964, 24.086208], [88.632823, 24.070258], [88.636322, 24.074286], [88.642996, 24.078966], [88.646414, 24.083279], [88.648529, 24.066596], [88.646658, 24.036444], [88.641124, 24.005723], [88.632823, 23.987657], [88.653575, 23.983507], [88.67921, 23.983669], [88.700613, 23.980496], [88.708507, 23.966579], [88.746511, 23.966742], [88.755382, 23.964789], [88.76295, 23.960476], [88.769949, 23.953559], [88.787201, 23.961697], [88.803966, 23.953396], [88.821788, 23.940009], [88.841889, 23.933051], [88.853038, 23.92536], [88.862722, 23.908026], [88.862885, 23.889512], [88.845714, 23.878445], [88.858816, 23.872097], [88.868663, 23.869005], [88.872976, 23.870958], [88.871104, 23.862372], [88.86614, 23.857611], [88.86085, 23.854438], [88.858653, 23.850531], [88.858653, 23.802069], [88.86964, 23.713813], [88.869558, 23.699652], [88.860444, 23.684516], [88.858653, 23.682644], [88.855968, 23.678046], [88.850027, 23.679755], [88.844249, 23.683783], [88.841889, 23.686062], [88.826915, 23.681179], [88.824962, 23.669379], [88.832042, 23.641303], [88.825776, 23.636746], [88.811615, 23.630683], [88.796641, 23.626532], [88.78712, 23.627712], [88.774099, 23.633734], [88.764415, 23.627061], [88.761729, 23.61286], [88.769949, 23.596625], [88.750418, 23.590644], [88.740164, 23.585517], [88.73585, 23.579901], [88.740001, 23.564276], [88.749522, 23.555935], [88.7588, 23.549262], [88.767507, 23.524522], [88.786143, 23.505683], [88.790538, 23.497016], [88.793712, 23.485216], [88.802257, 23.482937], [88.828298, 23.486762], [88.831065, 23.473741], [88.828136, 23.448106], [88.834727, 23.429958], [88.86614, 23.438992], [88.874441, 23.447943], [88.884532, 23.461534], [88.895763, 23.472439], [88.907237, 23.47309], [88.909109, 23.465359], [88.906261, 23.436143], [88.907237, 23.425971], [88.899913, 23.424099], [88.892833, 23.419501], [88.889415, 23.412909], [88.893565, 23.404853], [88.899994, 23.403266], [88.930675, 23.404853], [88.939138, 23.396511], [88.938243, 23.380194], [88.929454, 23.369452], [88.913992, 23.377509], [88.90504, 23.36225], [88.933035, 23.356269], [88.97047, 23.358466], [88.989024, 23.367255], [88.994884, 23.381659], [88.99464, 23.388373], [88.985362, 23.391181], [88.976329, 23.396796], [88.970632, 23.401394], [88.967865, 23.404853], [88.974376, 23.417426], [88.990001, 23.410956], [89.006765, 23.396511], [89.016368, 23.384955], [89.016775, 23.380194], [89.014171, 23.376532], [89.010753, 23.373481], [89.009532, 23.370714], [89.012136, 23.367255], [89.021088, 23.360541], [89.023204, 23.357042], [89.022065, 23.3487], [89.017507, 23.340196], [89.015147, 23.283393], [89.019786, 23.27143], [89.020763, 23.261908], [89.012706, 23.251654], [89.002045, 23.24197], [88.995942, 23.234158], [88.996755, 23.222846], [89.003022, 23.212836], [89.012706, 23.209988], [89.023204, 23.219835], [89.027192, 23.216579], [89.029796, 23.214911], [89.036876, 23.212429], [89.040619, 23.205186], [89.049571, 23.193915], [89.054698, 23.183458], [89.047374, 23.1789], [89.04127, 23.173529], [89.051199, 23.161322], [89.074718, 23.141384], [89.106212, 23.088202], [89.119395, 23.075873], [89.097992, 23.04739], [89.09075, 23.033026], [89.085216, 23.014431], [89.078136, 22.998969], [89.076427, 22.987413], [89.081554, 22.976874], [89.093272, 22.973009], [89.103526, 22.976996], [89.112315, 22.978339], [89.119395, 22.96662], [89.095225, 22.953315], [89.091401, 22.949286], [89.093272, 22.934272], [89.098155, 22.930487], [89.104747, 22.931708], [89.112071, 22.931912], [89.12379, 22.934272], [89.1303, 22.930203], [89.136811, 22.893622], [89.133393, 22.890082], [89.119395, 22.897773], [89.116954, 22.894355], [89.11671, 22.893256], [89.115733, 22.892605], [89.112071, 22.890245], [89.121755, 22.877753], [89.125906, 22.870632], [89.126557, 22.863959], [89.126231, 22.853054], [89.12851, 22.837755], [89.134776, 22.825995], [89.143565, 22.822089], [89.153575, 22.830105], [89.160492, 22.822618], [89.153331, 22.817979], [89.149994, 22.811632], [89.15032, 22.803778], [89.153575, 22.794704], [89.163829, 22.800401], [89.174246, 22.808376], [89.183604, 22.813788], [89.191417, 22.812079], [89.193289, 22.802802], [89.177745, 22.779893], [89.174083, 22.767401], [89.180756, 22.767401], [89.189464, 22.774522], [89.193777, 22.768256], [89.196788, 22.756456], [89.201264, 22.746894], [89.225597, 22.736436], [89.242198, 22.732204], [89.249766, 22.736396], [89.256114, 22.736843], [89.270274, 22.728135], [89.284434, 22.716864], [89.290619, 22.709337], [89.295909, 22.704657], [89.306082, 22.700303], [89.311697, 22.692816], [89.304291, 22.678656], [89.263438, 22.705919], [89.268647, 22.681586], [89.279063, 22.667792], [89.291921, 22.656114], [89.304291, 22.637722], [89.295665, 22.633124], [89.292491, 22.625352], [89.293549, 22.615098], [89.293142, 22.600124]], [[89.088308, 23.978339], [89.088715, 23.977159]], [[89.088715, 23.977159], [89.11614, 23.955756], [89.137462, 23.943061], [89.15919, 23.933539], [89.186453, 23.9289], [89.26946, 23.936794], [89.296479, 23.935004], [89.321381, 23.929877], [89.345144, 23.920478], [89.377859, 23.89997], [89.467296, 23.864854], [89.490001, 23.852729], [89.53004, 23.819444], [89.555675, 23.814805], [89.573171, 23.819932], [89.603282, 23.837755], [89.61964, 23.843695], [89.674897, 23.848456], [89.708914, 23.856798], [89.723399, 23.85574], [89.753673, 23.845486], [89.749278, 23.848009]], [[89.088715, 23.977159], [89.096202, 23.956], [89.097179, 23.95246], [89.09726, 23.948554], [89.098155, 23.9442], [89.104503, 23.934272], [89.11378, 23.926052], [89.156668, 23.898464], [89.177419, 23.881537], [89.182628, 23.873114], [89.184174, 23.865058], [89.187592, 23.859076], [89.210541, 23.853705], [89.2199, 23.846503], [89.249522, 23.816433], [89.255463, 23.806749], [89.255951, 23.771674], [89.261974, 23.751817], [89.276541, 23.739529], [89.311127, 23.72016], [89.35255, 23.671739], [89.381114, 23.673407], [89.397716, 23.678087], [89.410737, 23.679226], [89.42099, 23.674425], [89.480479, 23.593044], [89.493093, 23.579901], [89.499441, 23.570014], [89.503835, 23.55744], [89.509776, 23.546658], [89.52003, 23.54206], [89.525808, 23.537421], [89.516531, 23.527411], [89.503347, 23.517768], [89.496755, 23.514106], [89.495616, 23.506659], [89.496511, 23.499376], [89.499034, 23.492621], [89.50294, 23.486762], [89.518972, 23.508409], [89.548106, 23.505683], [89.578705, 23.490098], [89.598643, 23.47309], [89.607595, 23.45307], [89.626475, 23.370714], [89.613536, 23.376003], [89.609467, 23.379421], [89.605968, 23.384955], [89.598643, 23.384955], [89.597585, 23.353054], [89.612315, 23.315212], [89.637625, 23.288194], [89.667491, 23.288764], [89.656261, 23.273301], [89.636241, 23.255316], [89.627615, 23.240343], [89.680919, 23.226996], [89.683197, 23.209906], [89.680105, 23.189236], [89.694835, 23.171454], [89.707286, 23.17003], [89.716238, 23.175605], [89.72462, 23.182481], [89.736339, 23.185126], [89.750255, 23.179796], [89.755951, 23.170518], [89.752859, 23.161729], [89.740164, 23.157782], [89.733816, 23.153428], [89.718354, 23.133368], [89.710948, 23.119086], [89.700776, 23.122585], [89.681163, 23.137966], [89.680268, 23.126736], [89.681733, 23.11754], [89.684825, 23.109971], [89.689138, 23.103827], [89.697765, 23.096951], [89.714773, 23.093817], [89.722667, 23.089545], [89.732514, 23.07628], [89.756847, 23.028103], [89.77296, 23.010321], [89.804861, 22.9831], [89.81837, 22.96662], [89.82252, 22.957302], [89.828136, 22.939073], [89.83253, 22.931912], [89.838145, 22.928005], [89.853282, 22.92182], [89.859304, 22.91824], [89.879649, 22.896511], [89.887218, 22.890245], [89.928233, 22.870429], [89.942882, 22.857286], [89.99879, 22.768866], [90.006765, 22.750271], [90.010753, 22.726426], [90.009939, 22.686143], [90.013276, 22.667304], [90.024425, 22.651313], [90.01588, 22.627753], [90.014415, 22.596137], [90.017833, 22.566352], [90.024425, 22.548285], [90.019542, 22.538438], [90.011974, 22.511094], [90.010183, 22.490261]], [[90.087494, 23.57864], [90.083507, 23.557725], [90.069021, 23.527696], [90.067963, 23.519843], [90.06894, 23.511786], [90.0713, 23.503933], [90.079031, 23.488552], [90.112397, 23.438992], [90.093435, 23.427558], [90.082123, 23.388699], [90.064708, 23.391181], [90.074148, 23.377956], [90.095307, 23.375067], [90.116466, 23.369167], [90.126231, 23.346788], [90.127371, 23.335273], [90.132335, 23.311713], [90.133718, 23.298407], [90.129893, 23.290595], [90.121104, 23.290107], [90.111501, 23.294623], [90.105561, 23.301825], [90.098888, 23.301825], [90.098888, 23.26085], [90.105561, 23.26085], [90.108002, 23.274766], [90.116466, 23.280341], [90.128184, 23.277899], [90.140554, 23.267646], [90.145437, 23.253933], [90.143158, 23.243272], [90.145437, 23.236599], [90.164073, 23.234158], [90.180186, 23.233913], [90.197358, 23.231635], [90.212576, 23.225165], [90.22226, 23.212429], [90.219819, 23.204535], [90.212576, 23.191311]], [[90.212576, 23.191311], [90.212169, 23.190619], [90.201752, 23.177354], [90.191742, 23.171454], [90.175955, 23.173611], [90.171641, 23.179226], [90.174571, 23.19599], [90.177419, 23.199042], [90.184255, 23.199978], [90.198416, 23.199408], [90.208507, 23.197374], [90.212169, 23.192816], [90.212576, 23.191311]], [[90.212576, 23.191311], [90.21339, 23.188015], [90.215424, 23.185126], [90.235606, 23.182644], [90.245942, 23.180121], [90.250418, 23.175157], [90.254812, 23.149726], [90.253184, 23.139228], [90.242931, 23.130479], [90.242931, 23.124294], [90.266612, 23.122423], [90.2942, 23.116726], [90.318614, 23.106024], [90.332123, 23.089545], [90.325287, 23.089545], [90.331391, 23.075303], [90.324718, 23.0692], [90.312266, 23.065741], [90.301199, 23.059109], [90.292084, 23.042833], [90.30185, 23.041327], [90.317312, 23.043484], [90.325287, 23.038031], [90.326182, 23.020697], [90.325287, 23.021267], [90.323741, 23.015815], [90.319428, 23.010565], [90.317312, 23.004584], [90.322032, 22.997016], [90.334727, 22.988552], [90.346934, 22.982489], [90.355968, 22.975287], [90.35963, 22.962917], [90.364513, 22.955024], [90.375011, 22.945624], [90.384776, 22.933783], [90.387462, 22.91824], [90.384695, 22.914822], [90.373139, 22.906277], [90.370128, 22.904568], [90.366466, 22.901231], [90.365326, 22.84573], [90.36964, 22.81684], [90.379324, 22.79267], [90.394216, 22.774848]], [[88.406912, 22.945502], [88.444428, 22.945502], [88.455984, 22.943427], [88.475597, 22.934027], [88.485362, 22.931912], [88.495535, 22.934272], [88.503917, 22.940131], [88.528331, 22.968451], [88.53655, 22.980292], [88.546397, 22.984076], [88.555919, 22.985297], [88.565115, 22.983181], [88.574474, 22.976874], [88.585948, 22.971218], [88.598562, 22.970404], [88.609386, 22.971137], [88.615733, 22.970038], [88.620209, 22.961127], [88.620616, 22.952338], [88.622813, 22.944525], [88.632823, 22.938747], [88.639252, 22.938747], [88.644786, 22.94127], [88.649669, 22.944363], [88.653819, 22.945502], [88.655365, 22.945828], [88.668224, 22.945868], [88.667003, 22.945502], [88.704112, 22.946357], [88.724213, 22.943305], [88.739268, 22.935329], [88.746511, 22.920844], [88.750662, 22.884345], [88.756277, 22.870429], [88.773041, 22.855048], [88.788666, 22.849189], [88.828298, 22.849311], [88.829682, 22.845242], [88.838878, 22.836859], [88.848643, 22.829861], [88.85255, 22.830105], [88.854096, 22.818427], [88.851736, 22.810655], [88.838308, 22.794704], [88.84962, 22.788845], [88.851003, 22.783474], [88.847992, 22.777859], [88.845714, 22.771104], [88.840587, 22.745714], [88.838308, 22.739447], [88.830496, 22.736599], [88.821544, 22.739203], [88.813975, 22.739529], [88.810964, 22.729844], [88.812999, 22.721055], [88.81837, 22.715766], [88.825206, 22.711534], [88.832042, 22.705919], [88.868175, 22.663642], [88.879812, 22.657538], [88.900483, 22.658067], [88.916515, 22.662055], [88.929617, 22.658759], [88.941905, 22.637722], [88.951671, 22.612128], [88.956065, 22.585232], [88.949799, 22.562201], [88.927664, 22.548285], [88.958588, 22.536973], [88.970632, 22.528144], [88.979584, 22.491075], [88.997976, 22.451483], [89.002208, 22.428168], [89.000255, 22.420274], [88.991791, 22.407172], [88.989024, 22.396837], [88.989268, 22.38703], [89.000987, 22.333848], [89.00644, 22.321641], [89.023204, 22.29503], [89.008718, 22.285834], [89.018321, 22.264838], [89.061941, 22.211737], [89.070323, 22.195014], [89.075776, 22.175238], [89.077729, 22.151068], [89.060313, 22.130642]], [[88.406912, 22.945502], [88.403901, 22.9171], [88.39796, 22.896837], [88.379487, 22.856757], [88.365896, 22.815782], [88.348155, 22.788194], [88.34547, 22.778266], [88.348562, 22.758002], [88.362804, 22.721218], [88.365896, 22.698513], [88.364024, 22.656073], [88.356944, 22.612616], [88.342296, 22.57628], [88.317393, 22.555121], [88.296886, 22.554023], [88.271983, 22.55622], [88.251231, 22.553656], [88.242442, 22.538031], [88.241222, 22.526719], [88.237641, 22.521796], [88.230072, 22.520779], [88.218272, 22.521023], [88.206716, 22.51671], [88.199799, 22.506781], [88.194265, 22.495429], [88.187104, 22.486843], [88.170909, 22.480821], [88.150483, 22.475898], [88.133067, 22.468695], [88.125662, 22.455837], [88.137218, 22.418077], [88.139659, 22.398871], [88.129242, 22.390652], [88.106944, 22.383816], [88.101085, 22.367214], [88.105235, 22.329169], [88.103038, 22.314154], [88.099132, 22.299384], [88.09669, 22.293769], [88.082123, 22.271918], [88.080577, 22.268826], [88.0796, 22.265204], [88.077891, 22.248847], [88.075694, 22.241278], [88.070893, 22.23489]], [[88.406261, 22.945502], [88.406912, 22.945502]], [[89.293142, 22.600124], [89.290619, 22.606635], [89.288259, 22.616482], [89.281993, 22.627387], [89.273367, 22.635606], [89.263438, 22.637722], [89.257253, 22.63349], [89.255056, 22.626085], [89.255951, 22.606635], [89.259288, 22.598253], [89.265636, 22.589423], [89.27003, 22.580756], [89.266775, 22.572537], [89.255626, 22.561347], [89.250987, 22.553412], [89.249929, 22.545518], [89.249766, 22.534613], [89.252371, 22.512274], [89.261241, 22.495185], [89.290619, 22.465766], [89.271007, 22.458808], [89.258393, 22.443671], [89.255056, 22.424262], [89.263438, 22.404324], [89.251964, 22.393337], [89.25294, 22.381212], [89.262462, 22.368516], [89.277192, 22.355902], [89.265717, 22.337266], [89.27532, 22.31269], [89.295909, 22.291083], [89.317963, 22.281358], [89.30714, 22.260118], [89.305756, 22.24197], [89.342296, 22.130561], [89.351492, 22.127712], [89.358979, 22.120795], [89.364024, 22.112657], [89.365815, 22.106024], [89.368093, 22.103624], [89.383556, 22.092393], [89.387299, 22.086697], [89.385753, 22.08393], [89.382091, 22.082099], [89.380056, 22.079047], [89.376394, 22.063788], [89.367198, 22.048855], [89.345307, 22.020697], [89.350678, 22.012274], [89.35255, 22.000271], [89.352143, 21.972276]], [[89.293142, 22.600124], [89.293061, 22.597968]], [[89.475678, 22.29503], [89.454112, 22.317003], [89.444347, 22.334052], [89.441498, 22.352159], [89.440115, 22.398993], [89.431244, 22.464708], [89.420665, 22.492051], [89.42213, 22.503485], [89.427419, 22.516303], [89.425548, 22.5338], [89.408376, 22.562323], [89.393891, 22.575629], [89.354015, 22.594916], [89.345307, 22.602891], [89.330658, 22.593451], [89.312592, 22.586982], [89.297293, 22.589382], [89.293142, 22.600124]]]}}, {"type": "Feature", "properties": {"name": "Indus"}, "geometry": {"type": "MultiLineString", "coordinates": [[[72.781668, 34.622504], [72.783214, 34.61282], [72.802257, 34.576768], [72.801524, 34.558295], [72.789154, 34.52322], [72.788666, 34.514228], [72.801524, 34.503933], [72.826264, 34.498358], [72.836681, 34.481024], [72.832449, 34.459499], [72.829519, 34.440619], [72.826671, 34.414903], [72.827891, 34.393175], [72.838634, 34.375841], [72.845307, 34.35456], [72.85019, 34.321153], [72.852468, 34.287787], [72.842459, 34.255072], [72.836681, 34.221015], [72.838796, 34.194688], [72.8331, 34.168321], [72.813731, 34.144843], [72.789154, 34.127956], [72.760671, 34.115831], [72.740001, 34.105089], [72.721446, 34.09337], [72.707042, 34.085557]]]}}, {"type": "Feature", "properties": {"name": "Indus"}, "geometry": {"type": "MultiLineString", "coordinates": [[[72.70696, 34.085517], [72.667491, 34.05919], [72.651866, 34.043524], [72.645763, 34.023261], [72.63323, 34.01378], [72.604991, 34.013373], [72.509532, 34.02265], [72.467459, 34.020453], [72.430675, 34.011298], [72.398692, 33.993191], [72.36671, 33.969346], [72.348399, 33.961005], [72.254975, 33.944403], [72.240326, 33.937934], [72.225841, 33.901231], [72.241303, 33.804796], [72.23406, 33.765977], [72.223155, 33.774237], [72.210867, 33.776475], [72.198253, 33.773505], [72.186453, 33.765977], [72.171886, 33.773057], [72.152599, 33.777289], [72.114757, 33.779649], [72.087413, 33.789903], [72.082937, 33.788153], [72.062918, 33.765977], [72.052826, 33.76085], [72.031749, 33.753974], [72.021902, 33.746161], [72.010183, 33.71601], [72.004893, 33.711371], [71.999034, 33.703437], [71.97934, 33.664496], [71.974132, 33.64997], [71.971772, 33.598212], [71.953136, 33.570502], [71.953054, 33.559882], [71.955577, 33.547146], [71.953054, 33.526435], [71.944753, 33.515652], [71.901785, 33.488552], [71.897065, 33.481635], [71.892507, 33.467963], [71.888194, 33.461249], [71.879405, 33.45185], [71.873546, 33.443468], [71.872569, 33.434516], [71.87794, 33.423407], [71.867768, 33.420844], [71.863373, 33.41531], [71.859386, 33.408759], [71.850597, 33.40351], [71.841807, 33.402167], [71.812755, 33.40351], [71.796804, 33.40001], [71.740733, 33.375556], [71.723155, 33.355251], [71.722341, 33.336127], [71.725027, 33.318671], [71.716889, 33.303575], [71.704682, 33.289618], [71.698985, 33.272528], [71.703217, 33.256537], [71.720876, 33.245876], [71.712901, 33.245876], [71.726573, 33.231147], [71.740733, 33.219428], [71.751069, 33.20539], [71.754405, 33.183783], [71.749522, 33.163438], [71.740245, 33.14997], [71.729584, 33.139716], [71.720876, 33.129177], [71.712901, 33.110867], [71.710948, 33.094306], [71.712901, 33.054063], [71.718761, 33.037177], [71.718435, 33.029405], [71.699474, 33.022813], [71.694021, 33.015082], [71.690684, 33.005968], [71.685476, 32.998847], [71.649343, 32.978624], [71.611095, 32.964057], [71.599539, 32.961859], [71.572765, 32.960639], [71.549408, 32.954169], [71.551687, 32.955593], [71.541921, 32.952948], [71.533783, 32.949083], [71.526947, 32.943386], [71.512706, 32.920193], [71.506765, 32.914822], [71.498139, 32.910712], [71.461925, 32.897976], [71.448009, 32.887274], [71.437511, 32.868964], [71.430268, 32.842556], [71.426036, 32.83454], [71.409109, 32.816433], [71.40504, 32.808946], [71.403087, 32.790107], [71.412852, 32.753119], [71.414073, 32.734402], [71.411713, 32.725653], [71.407725, 32.718777], [71.402436, 32.713324], [71.396088, 32.709011], [71.364187, 32.695014], [71.354503, 32.68891], [71.340587, 32.673692], [71.331472, 32.656073], [71.325857, 32.636786], [71.322765, 32.616482], [71.323416, 32.593573], [71.329682, 32.574286], [71.348074, 32.535264], [71.350841, 32.52501], [71.346609, 32.432318], [71.340587, 32.415107], [71.331472, 32.399278], [71.293875, 32.356147], [71.283376, 32.339911], [71.278738, 32.322333], [71.278331, 32.302029], [71.276459, 32.292589], [71.271902, 32.282823], [71.251964, 32.254503], [71.247162, 32.243516], [71.236501, 32.20185], [71.22877, 32.181749], [71.215587, 32.165473], [71.206716, 32.159695], [71.177664, 32.147162], [71.167898, 32.140815], [71.132091, 32.105821], [71.123464, 32.094062], [71.117198, 32.081122], [71.114675, 32.066514], [71.11435, 32.047471], [71.112315, 32.039008], [71.106944, 32.030544], [71.070242, 31.999091], [71.054698, 31.982204], [71.036876, 31.940212], [71.023041, 31.925849], [71.007335, 31.912909], [70.992768, 31.897895], [70.983409, 31.879259], [70.973888, 31.83869], [70.966807, 31.818915], [70.923595, 31.744452], [70.905772, 31.721462], [70.899343, 31.709581], [70.899343, 31.695136], [70.904226, 31.678819], [70.904714, 31.672919], [70.903331, 31.663682], [70.826752, 31.489447], [70.801036, 31.453681], [70.795421, 31.440945], [70.791433, 31.426337], [70.788178, 31.379665], [70.767507, 31.263983], [70.768077, 31.249823], [70.771495, 31.235948], [70.781668, 31.209296], [70.784434, 31.195136], [70.788829, 31.138251], [70.793386, 31.125434], [70.814057, 31.09162], [70.818614, 31.078152], [70.835867, 30.977607], [70.835216, 30.948269], [70.829031, 30.919867], [70.819347, 30.883857], [70.814708, 30.872667], [70.796886, 30.846747], [70.765554, 30.813056], [70.757253, 30.801703], [70.75172, 30.789008], [70.750011, 30.774441], [70.751231, 30.766425], [70.759939, 30.74433], [70.762136, 30.736843], [70.765717, 30.695095], [70.771414, 30.677314], [70.780772, 30.661322], [70.814464, 30.625434], [70.830333, 30.599433], [70.841726, 30.57099], [70.848074, 30.542019], [70.849701, 30.522325], [70.84905, 30.502997], [70.84547, 30.484076], [70.835541, 30.456977], [70.829845, 30.416571], [70.815196, 30.363959], [70.811046, 30.356147], [70.805186, 30.349718], [70.785085, 30.33747], [70.779552, 30.331366], [70.774018, 30.315863], [70.775076, 30.298448], [70.780528, 30.28144], [70.80185, 30.237657], [70.812266, 30.225653], [70.815929, 30.219509], [70.817312, 30.210517], [70.816417, 30.20246], [70.805431, 30.171007], [70.803722, 30.162299], [70.80185, 30.109442], [70.806163, 30.093533], [70.835053, 30.053412], [70.838878, 30.018378], [70.834239, 29.946885], [70.83546, 29.938666], [70.843272, 29.916571], [70.844737, 29.908026], [70.844168, 29.89997], [70.830007, 29.854763], [70.823741, 29.841417], [70.812999, 29.829413], [70.805431, 29.824978], [70.788503, 29.819119], [70.780772, 29.814521], [70.775076, 29.808905], [70.770763, 29.802436], [70.76767, 29.795274], [70.763194, 29.771674], [70.760509, 29.765001], [70.755056, 29.758124], [70.728282, 29.732123], [70.701182, 29.696641], [70.689138, 29.686143], [70.668956, 29.673367], [70.663097, 29.66828], [70.658702, 29.661241], [70.653412, 29.637274], [70.635346, 29.600653], [70.6338, 29.591986], [70.633556, 29.582465], [70.635753, 29.564073], [70.644542, 29.545966], [70.659434, 29.53738], [70.676768, 29.531358], [70.692882, 29.521186], [70.700287, 29.506049], [70.702159, 29.486151], [70.700206, 29.448188], [70.701182, 29.438422], [70.704112, 29.431098], [70.714692, 29.416612], [70.718842, 29.40823], [70.720307, 29.399604], [70.719249, 29.390733], [70.716319, 29.381456], [70.708751, 29.366645], [70.680593, 29.32453], [70.67628, 29.307644], [70.675385, 29.272406], [70.67213, 29.254706], [70.668712, 29.248074], [70.659434, 29.236436], [70.648204, 29.215115], [70.649343, 29.187283], [70.651947, 29.173896], [70.661632, 29.14822], [70.667898, 29.123603], [70.667898, 29.083808], [70.665294, 29.070624], [70.660167, 29.058783], [70.652192, 29.049669], [70.641856, 29.043809], [70.630382, 29.040351], [70.59075, 29.033637], [70.577566, 29.029649], [70.565033, 29.023261], [70.555268, 29.015408], [70.525971, 28.975898], [70.476003, 28.922675], [70.466075, 28.916124], [70.436534, 28.911566], [70.404063, 28.915595], [70.373627, 28.914618], [70.350108, 28.895128], [70.34547, 28.883409], [70.339122, 28.858954], [70.333914, 28.84752], [70.326264, 28.837958], [70.276378, 28.792507], [70.252371, 28.777615], [70.156749, 28.745429], [70.144135, 28.738959], [70.132742, 28.728949], [70.107351, 28.69241], [70.095795, 28.682644], [70.054698, 28.666612], [70.043061, 28.659247], [70.037364, 28.650255], [70.035574, 28.639268], [70.03655, 28.625922], [70.028575, 28.597927], [70.003022, 28.586737], [69.940929, 28.581651], [69.926768, 28.576972], [69.91505, 28.569525], [69.893565, 28.550116], [69.882498, 28.542263], [69.871186, 28.538438], [69.82366, 28.533515], [69.801768, 28.528428], [69.781016, 28.520453], [69.762218, 28.509101], [69.752533, 28.499864], [69.746349, 28.489773], [69.724701, 28.416083], [69.716563, 28.40119], [69.708263, 28.391872], [69.678315, 28.37462], [69.6692, 28.366034], [69.66269, 28.355496], [69.652599, 28.332384], [69.64503, 28.320624], [69.585378, 28.258612], [69.573334, 28.250271], [69.561127, 28.245673], [69.535737, 28.239691], [69.523529, 28.234971], [69.500011, 28.220811], [69.487804, 28.21601], [69.473888, 28.215399], [69.432709, 28.231879], [69.419526, 28.232449], [69.410574, 28.225775], [69.405691, 28.214179], [69.400483, 28.189643], [69.395763, 28.176052], [69.388764, 28.16295], [69.378998, 28.152371], [69.365896, 28.146308], [69.338308, 28.150458], [69.312022, 28.164008], [69.288097, 28.169745], [69.2671, 28.150702], [69.259369, 28.138129], [69.25058, 28.12934], [69.23935, 28.124091], [69.224376, 28.121934], [69.194835, 28.121894], [69.180756, 28.11876], [69.1692, 28.110175], [69.162852, 28.098497], [69.153331, 28.073432], [69.144786, 28.062812], [69.131358, 28.056179], [69.116954, 28.054999], [69.074311, 28.064276], [69.06129, 28.065619], [69.048432, 28.065131], [69.034923, 28.06269], [69.036225, 28.034939], [69.035574, 28.030585], [69.026134, 28.001776], [69.021902, 27.992499], [69.016124, 27.984076], [68.998953, 27.972113], [68.980886, 27.970974], [68.932872, 27.985907], [68.927826, 27.986518], [68.922537, 27.98432], [68.918712, 27.979682], [68.917491, 27.974229], [68.918224, 27.968451], [68.920421, 27.962917], [68.926768, 27.952989], [68.942963, 27.936143], [68.949636, 27.926296], [68.953624, 27.915229], [68.955089, 27.903754], [68.953543, 27.880439], [68.949962, 27.868272], [68.943126, 27.86164], [68.933197, 27.858588], [68.895112, 27.853705], [68.882742, 27.849433], [68.87322, 27.842597], [68.870372, 27.837917], [68.862641, 27.820014], [68.860932, 27.813585], [68.860769, 27.807563], [68.863048, 27.794989], [68.87794, 27.782538], [68.884044, 27.782416], [68.890717, 27.780219], [68.896088, 27.77615], [68.898204, 27.770535], [68.917898, 27.766425], [68.940684, 27.758653], [68.955577, 27.745876], [68.951752, 27.726426], [68.932628, 27.710273], [68.882091, 27.691474], [68.835867, 27.667996], [68.813406, 27.663113], [68.791026, 27.666938], [68.768891, 27.680732], [68.749929, 27.699734], [68.734386, 27.721706], [68.717052, 27.766872], [68.699229, 27.784857], [68.676524, 27.790351], [68.65797, 27.781684], [68.65211, 27.757188], [68.655284, 27.732733], [68.653738, 27.721137], [68.646576, 27.711046], [68.635671, 27.705268], [68.623057, 27.703192], [68.609955, 27.703803], [68.575857, 27.710069], [68.565522, 27.70954], [68.554698, 27.705512], [68.542572, 27.696397], [68.522065, 27.674262], [68.510671, 27.66474], [68.48878, 27.662462], [68.468191, 27.672187], [68.449718, 27.676581], [68.433849, 27.658026], [68.424327, 27.635443], [68.416596, 27.627387], [68.404552, 27.623603], [68.37794, 27.624538], [68.365164, 27.623399], [68.352794, 27.617743], [68.344737, 27.609646], [68.332612, 27.590155], [68.325287, 27.581366], [68.29835, 27.56448], [68.291108, 27.556912], [68.289236, 27.534613], [68.326182, 27.499294], [68.331472, 27.477647], [68.324962, 27.464789], [68.305675, 27.442328], [68.29835, 27.429796], [68.296967, 27.418769], [68.300873, 27.409532], [68.315684, 27.393622], [68.326671, 27.374132], [68.316987, 27.364081], [68.296641, 27.361151], [68.274832, 27.362738], [68.247081, 27.368354], [68.232921, 27.369656], [68.219249, 27.367865], [68.20989, 27.363105], [68.15325, 27.300727], [68.146495, 27.27912], [68.162201, 27.259792], [68.19752, 27.244818], [68.205496, 27.235948], [68.206716, 27.224677], [68.201671, 27.214871], [68.192393, 27.207221], [68.182384, 27.202257], [68.161388, 27.200548], [68.134288, 27.201524], [68.108979, 27.198757], [68.094168, 27.185858], [68.094249, 27.175727], [68.099213, 27.165473], [68.111746, 27.147162], [68.117768, 27.133979], [68.120697, 27.120632], [68.119558, 27.107245], [68.113292, 27.094102], [68.074474, 27.053412], [68.051036, 27.021918], [68.040945, 27.013373], [68.000011, 26.991563], [67.976085, 26.969672], [67.966726, 26.964423], [67.955333, 26.962348], [67.943858, 26.963731], [67.92213, 26.972032], [67.913015, 26.965644], [67.908702, 26.957058], [67.908132, 26.947089], [67.917003, 26.914374], [67.917084, 26.90294], [67.914236, 26.891181], [67.904714, 26.867051], [67.901785, 26.861762], [67.894623, 26.852078], [67.892589, 26.846544], [67.891694, 26.83279], [67.902599, 26.794135], [67.905284, 26.768256], [67.904714, 26.742051], [67.902436, 26.717393], [67.900645, 26.711127], [67.890554, 26.694363], [67.884939, 26.681952], [67.881358, 26.669867], [67.879405, 26.657335], [67.878998, 26.643826], [67.88087, 26.63349], [67.884858, 26.624538], [67.891124, 26.616523], [67.911225, 26.598253], [67.920421, 26.586778], [67.926036, 26.573676], [67.927338, 26.557929], [67.922862, 26.537177], [67.922374, 26.530056], [67.924734, 26.505723], [67.927013, 26.498969], [67.919526, 26.471706], [67.918712, 26.46129], [67.91684, 26.451443], [67.913503, 26.442003], [67.908295, 26.432929], [67.88974, 26.410468], [67.886322, 26.401801], [67.889903, 26.385688], [67.917084, 26.358222], [67.927419, 26.34394], [67.931895, 26.325548], [67.9345, 26.287218], [67.939057, 26.26907], [67.952566, 26.255194], [67.972341, 26.24962], [67.993744, 26.246121], [68.012136, 26.238145], [68.018565, 26.230902], [68.02239, 26.222683], [68.02825, 26.204861], [68.033214, 26.19656], [68.039968, 26.190741], [68.047944, 26.186713], [68.094168, 26.174587], [68.110362, 26.166327], [68.124115, 26.152371], [68.128998, 26.143744], [68.132091, 26.134711], [68.133393, 26.125271], [68.133311, 26.115424], [68.127208, 26.088324], [68.127208, 26.079291], [68.13616, 26.062079], [68.153331, 26.047146], [68.207286, 26.012519], [68.221446, 25.999823], [68.233002, 25.98489], [68.241954, 25.966173], [68.252533, 25.932644], [68.259939, 25.916693], [68.271088, 25.903266], [68.28655, 25.893378], [68.318451, 25.878241], [68.331554, 25.865505], [68.341401, 25.852891], [68.347097, 25.847846], [68.35434, 25.843573], [68.38323, 25.832587], [68.391368, 25.82685], [68.397716, 25.809597], [68.385753, 25.795274], [68.365815, 25.784288], [68.349132, 25.777289], [68.331391, 25.765815], [68.321869, 25.750515], [68.322683, 25.732937], [68.33489, 25.714789], [68.353445, 25.702908], [68.396495, 25.689276], [68.41627, 25.678656], [68.426362, 25.661241], [68.416108, 25.646837], [68.39739, 25.633979], [68.382335, 25.621161], [68.378835, 25.603461], [68.393972, 25.567816], [68.39267, 25.54918], [68.380382, 25.535346], [68.362397, 25.527045], [68.343191, 25.520779], [68.325857, 25.512885], [68.314464, 25.498806], [68.315033, 25.48371], [68.327891, 25.451036], [68.326264, 25.435411], [68.310639, 25.409288], [68.309825, 25.395331], [68.315522, 25.385281], [68.332042, 25.371609], [68.339447, 25.363593], [68.344168, 25.352851], [68.349132, 25.279324], [68.347179, 25.272081], [68.343516, 25.265977], [68.332774, 25.25495], [68.313569, 25.241482], [68.30836, 25.236029], [68.304291, 25.228054], [68.301768, 25.218329], [68.301199, 25.208319], [68.302745, 25.19953], [68.311615, 25.188178], [68.355561, 25.16474], [68.360769, 25.160264], [68.365896, 25.154812], [68.369884, 25.148464], [68.370535, 25.141791], [68.366222, 25.134833], [68.358002, 25.131619], [68.348643, 25.130968], [68.32252, 25.134955], [68.306651, 25.135606], [68.294688, 25.129096], [68.28948, 25.110622], [68.288666, 25.10102], [68.287039, 25.093126], [68.283702, 25.085801], [68.272553, 25.070014], [68.268565, 25.06212], [68.266368, 25.053656], [68.266531, 25.044053], [68.273448, 25.00963], [68.273692, 24.992743], [68.2671, 24.976345], [68.260834, 24.969265], [68.253347, 24.964545], [68.245128, 24.963731], [68.237071, 24.968207], [68.231212, 24.976426], [68.222585, 24.995225], [68.215424, 25.002631], [68.197765, 25.006374], [68.180593, 24.998236], [68.165457, 24.98432], [68.142589, 24.956488], [68.134776, 24.941474], [68.132253, 24.925238], [68.136811, 24.907416], [68.144135, 24.895209], [68.146495, 24.888861], [68.145518, 24.881619], [68.140636, 24.874091], [68.133067, 24.869005], [68.123953, 24.866278], [68.115001, 24.86579], [68.078705, 24.875922], [68.060639, 24.877305], [68.044037, 24.868354], [68.037527, 24.853461], [68.042247, 24.839138], [68.050222, 24.824734], [68.053315, 24.809516], [68.047455, 24.790717], [68.036062, 24.77497], [68.009207, 24.746161], [68.001069, 24.732245], [67.986827, 24.687567], [67.970307, 24.656317], [67.968761, 24.64114], [67.978445, 24.625067], [68.003998, 24.601142], [68.010509, 24.587348], [68.006765, 24.569892], [68.002045, 24.562323], [67.996593, 24.555976], [67.990245, 24.550727], [67.966889, 24.53852], [67.960948, 24.532823], [67.957937, 24.524482], [67.958263, 24.516547], [67.967377, 24.494167], [67.97169, 24.479438], [67.974132, 24.464301], [67.974213, 24.45657], [67.973074, 24.44953], [67.970307, 24.442898], [67.966319, 24.436306], [67.956716, 24.43122], [67.943858, 24.432196], [67.920095, 24.436713], [67.915294, 24.435248], [67.900645, 24.427069], [67.877208, 24.420681], [67.858897, 24.418809], [67.849539, 24.416612], [67.843354, 24.411892], [67.842052, 24.403388], [67.846202, 24.396104], [67.858653, 24.383857], [67.863536, 24.375841], [67.867931, 24.366034], [67.870535, 24.35578], [67.870046, 24.346462], [67.854747, 24.333319], [67.830333, 24.339138], [67.805431, 24.348456], [67.788097, 24.3463], [67.784679, 24.336046], [67.78769, 24.325019], [67.794363, 24.314724], [67.801524, 24.306667], [67.819021, 24.29267], [67.826101, 24.284857], [67.830333, 24.273871], [67.8296, 24.263536], [67.824799, 24.255194], [67.816824, 24.2508], [67.80657, 24.252387], [67.788097, 24.266547], [67.778087, 24.271308], [67.766531, 24.269314], [67.758067, 24.261013], [67.755626, 24.250271], [67.756358, 24.227159], [67.753184, 24.20539], [67.749929, 24.19477], [67.745209, 24.185085], [67.737804, 24.17414], [67.729747, 24.166571], [67.719819, 24.163682], [67.707042, 24.166612], [67.687022, 24.174872], [67.676768, 24.175605], [67.666026, 24.171576], [67.659679, 24.166124], [67.65504, 24.159125], [67.652273, 24.15115], [67.651296, 24.14289], [67.653331, 24.132839], [67.661632, 24.114447], [67.663585, 24.106431]], [[79.437266, 32.738105], [79.422374, 32.752712], [79.399343, 32.792751], [79.356944, 32.850694], [79.336436, 32.860419], [79.327403, 32.868476], [79.317882, 32.908271], [79.308604, 32.928168], [79.289236, 32.936794], [79.284272, 32.94005], [79.273692, 32.954617], [79.268891, 32.957831], [79.224376, 32.970893], [79.181895, 32.989325], [79.152354, 33.015408], [79.100841, 33.080756], [78.955333, 33.201239], [78.935802, 33.211127], [78.924083, 33.212836], [78.91505, 33.210395], [78.906993, 33.206732], [78.898529, 33.204901], [78.797781, 33.153103], [78.78655, 33.14997], [78.771902, 33.149685], [78.760834, 33.152289], [78.734386, 33.163275], [78.710948, 33.165351], [78.592377, 33.207872], [78.576671, 33.211127], [78.570567, 33.216498], [78.559093, 33.240424], [78.548757, 33.245876], [78.538259, 33.247585], [78.511241, 33.259548], [78.433523, 33.282416], [78.406261, 33.299425], [78.366303, 33.344062], [78.353038, 33.354682], [78.335867, 33.360297], [78.3095, 33.361925], [78.291026, 33.365505], [78.276541, 33.374294], [78.25172, 33.396674], [78.195811, 33.432888], [78.162608, 33.461859], [78.152273, 33.46894], [78.149099, 33.479844], [78.158376, 33.525336], [78.157807, 33.54796], [78.149832, 33.566514], [78.131358, 33.574246], [78.100841, 33.577826], [78.092459, 33.588406], [78.090831, 33.605536], [78.079845, 33.628852], [78.066987, 33.638129], [78.022472, 33.659451], [78.007823, 33.663601], [77.996511, 33.673936], [77.958751, 33.722846], [77.942556, 33.738715], [77.884207, 33.769151], [77.870372, 33.773464], [77.858409, 33.780382], [77.733897, 33.921983], [77.660411, 34.029324], [77.593272, 34.088162], [77.556163, 34.113471], [77.53419, 34.124538], [77.5053, 34.131212], [77.497569, 34.135077], [77.488862, 34.136908], [77.466563, 34.130439], [77.433604, 34.128485], [77.421316, 34.129096], [77.339366, 34.160183], [77.333751, 34.1824], [77.319591, 34.196153], [77.299571, 34.202989], [77.277354, 34.20421], [77.272716, 34.202012], [77.269135, 34.193386], [77.263682, 34.191189], [77.257091, 34.19184], [77.252208, 34.193915], [77.248057, 34.196234], [77.23349, 34.20128], [77.217052, 34.209906], [77.196788, 34.212958], [77.184093, 34.216498], [77.172862, 34.221991], [77.167979, 34.229031], [77.164073, 34.237372], [77.154714, 34.23725], [77.143484, 34.233913], [77.133881, 34.232123], [77.112722, 34.237576], [77.07073, 34.255561], [77.043386, 34.26199], [77.036143, 34.268866], [77.032481, 34.278835], [77.031505, 34.290798], [76.990001, 34.307888], [76.904307, 34.307888], [76.887706, 34.311143], [76.842784, 34.330349], [76.788585, 34.37169], [76.772716, 34.389512], [76.770274, 34.403428], [76.737722, 34.424262], [76.694021, 34.44123], [76.6845, 34.447821], [76.625092, 34.518826], [76.611827, 34.54267], [76.600108, 34.554267], [76.584402, 34.5633], [76.538097, 34.574774], [76.523448, 34.582628], [76.490245, 34.608913], [76.449474, 34.631415], [76.435069, 34.636827], [76.387462, 34.64411], [76.372976, 34.649848], [76.372976, 34.643622], [76.334239, 34.657986], [76.316824, 34.667792], [76.300873, 34.680854], [76.242686, 34.746039], [76.234386, 34.752305], [76.220876, 34.760321], [76.215343, 34.766547], [76.210378, 34.777371], [76.203217, 34.802558], [76.189871, 34.829901], [76.190359, 34.853054], [76.195404, 34.87519], [76.201671, 34.890692], [76.206391, 34.897081], [76.218028, 34.908515], [76.222748, 34.917344], [76.224864, 34.931423], [76.221934, 34.941026], [76.217459, 34.948188], [76.215343, 34.954901], [76.210216, 34.95893], [76.185802, 34.965115], [76.177745, 34.968858], [76.15032, 34.989285], [76.12322, 35.016384], [76.075613, 35.051134], [76.06129, 35.066474], [76.052664, 35.072577], [76.041108, 35.075019], [76.038259, 35.077012], [76.03655, 35.087592], [76.034272, 35.092393], [76.027436, 35.096055], [76.011241, 35.09455], [76.003673, 35.096137], [75.957449, 35.148261], [75.945323, 35.157009], [75.921641, 35.165554], [75.914968, 35.185614], [75.915619, 35.208564], [75.914236, 35.225857], [75.90797, 35.234442], [75.90089, 35.238471], [75.893565, 35.241278], [75.886974, 35.246365], [75.882498, 35.254259], [75.874604, 35.275946], [75.859386, 35.303046], [75.85377, 35.324042], [75.843272, 35.341376], [75.817963, 35.349392], [75.79713, 35.34337], [75.768077, 35.31448], [75.746349, 35.307807], [75.726492, 35.308051], [75.721283, 35.311062], [75.712169, 35.318386], [75.699962, 35.322862], [75.689138, 35.319159], [75.67864, 35.312323], [75.667247, 35.307807], [75.635916, 35.314154], [75.486095, 35.415595], [75.46933, 35.431098], [75.462413, 35.448065], [75.451752, 35.46015], [75.427175, 35.471137], [75.399506, 35.476671], [75.379812, 35.472276], [75.362804, 35.485907], [75.352468, 35.505316], [75.347097, 35.527859], [75.345714, 35.551093], [75.339366, 35.575303], [75.323253, 35.585639], [75.105479, 35.602607], [75.085948, 35.601752], [75.080007, 35.603583], [75.07073, 35.609442], [75.061534, 35.618842], [75.055756, 35.627875], [75.048269, 35.63463], [75.033214, 35.637315], [74.989268, 35.640082], [74.967296, 35.644314], [74.948334, 35.650987], [74.938569, 35.657172], [74.920502, 35.678331], [74.88974, 35.701931], [74.872488, 35.711737], [74.850108, 35.716864], [74.772716, 35.717963], [74.76295, 35.719306], [74.745209, 35.724148], [74.739757, 35.728339], [74.742442, 35.749701], [74.747488, 35.768663], [74.747081, 35.777167], [74.72462, 35.785997], [74.722911, 35.798285], [74.728608, 35.822333], [74.726573, 35.836371], [74.72462, 35.841579], [74.656749, 35.842841], [74.638927, 35.836371], [74.630463, 35.820868], [74.629161, 35.802436], [74.632498, 35.786933], [74.639171, 35.777371], [74.64503, 35.77558], [74.648204, 35.772895], [74.646902, 35.760281], [74.641205, 35.759467], [74.629487, 35.749538], [74.621674, 35.737901], [74.629161, 35.732367], [74.635183, 35.728705], [74.644054, 35.720079], [74.650483, 35.710028], [74.649913, 35.701931], [74.611339, 35.671495], [74.609467, 35.660509], [74.611339, 35.649522], [74.624278, 35.620144], [74.628673, 35.613715], [74.631602, 35.606228], [74.632498, 35.527452], [74.607188, 35.495795], [74.564708, 35.483669], [74.516694, 35.478135], [74.474864, 35.466091], [74.459565, 35.453559], [74.443614, 35.437445], [74.42571, 35.423529], [74.403575, 35.41767], [74.317882, 35.41767], [74.27003, 35.427558], [74.246674, 35.426703], [74.207042, 35.404893], [74.183442, 35.402655], [74.15919, 35.405341], [74.139659, 35.410834], [74.129324, 35.417182], [74.10906, 35.433539], [74.098155, 35.438178], [74.087576, 35.437852], [74.046886, 35.431342], [74.029796, 35.434272], [73.967784, 35.458604], [73.923106, 35.489691], [73.910818, 35.494086], [73.862315, 35.492743], [73.836925, 35.49726], [73.756114, 35.527452], [73.627208, 35.543484], [73.563569, 35.542304], [73.502371, 35.534369], [73.463145, 35.558132], [73.439952, 35.562201], [73.395925, 35.543524], [73.344005, 35.548936], [73.323416, 35.548041], [73.312429, 35.541571], [73.307709, 35.533515], [73.303722, 35.513251], [73.304128, 35.512071], [73.29835, 35.486274], [73.296886, 35.482856], [73.294688, 35.473944], [73.285411, 35.453437], [73.283214, 35.44123], [73.280284, 35.434841], [73.266694, 35.414171], [73.262706, 35.403998], [73.262706, 35.343126], [73.260183, 35.337429], [73.251069, 35.324978], [73.249034, 35.318386], [73.258556, 35.306586], [73.276134, 35.298163], [73.285411, 35.285224], [73.26946, 35.260037], [73.250662, 35.248725], [73.201915, 35.233262], [73.118663, 35.184882], [73.053233, 35.126532], [73.038829, 35.116523], [73.003998, 35.099066], [72.988292, 35.08869], [72.950857, 35.050727], [72.927989, 35.034939], [72.90919, 35.037787], [72.899506, 35.042507], [72.892019, 35.036973], [72.887136, 35.026679], [72.885265, 35.016669], [72.888113, 35.008979], [72.893891, 35.00198], [72.898855, 34.992784], [72.898936, 34.978827], [72.891368, 34.961859], [72.869395, 34.929023], [72.864838, 34.906806], [72.872325, 34.892035], [72.890636, 34.884711], [72.933604, 34.87641], [72.969168, 34.856553], [72.986339, 34.840115], [72.98463, 34.824897], [72.975597, 34.821885], [72.962901, 34.82038], [72.951671, 34.817694], [72.946788, 34.81155], [72.943777, 34.806586], [72.927175, 34.787543], [72.919444, 34.780829], [72.888113, 34.771511], [72.854747, 34.769314], [72.824474, 34.76081], [72.802745, 34.732449], [72.80071, 34.717231], [72.809581, 34.674099], [72.804861, 34.657172], [72.785411, 34.637478], [72.781668, 34.622504]], [[79.73463, 32.443915], [79.719656, 32.45246], [79.67628, 32.511583], [79.461518, 32.707384], [79.429779, 32.744981]], [[67.663585, 24.106431], [67.661388, 24.1081]], [[67.663585, 24.106431], [67.664073, 24.104763], [67.658132, 24.083808], [67.63974, 24.070828], [67.616466, 24.065212], [67.573171, 24.068549], [67.552338, 24.066596], [67.532319, 24.060492]], [[67.71339, 24.066433], [67.701915, 24.078559], [67.663585, 24.106431]], [[67.71339, 24.066433], [67.723725, 24.062934], [67.737885, 24.056952], [67.753673, 24.054145], [67.760183, 24.052843]], [[67.925873, 23.982449], [67.9428, 23.986518], [67.95574, 23.994493], [67.954845, 24.004421], [67.945079, 24.017361], [67.932628, 24.045518], [67.924246, 24.055976], [67.911143, 24.063096], [67.868907, 24.076443], [67.853526, 24.075466], [67.828298, 24.065294], [67.811127, 24.062771], [67.794688, 24.06623], [67.777924, 24.071641], [67.764903, 24.071845], [67.759695, 24.059353], [67.7671, 24.023017], [67.786713, 24.002956], [67.815196, 23.994737], [67.883311, 23.993964], [67.900645, 23.990912], [67.913992, 23.983954], [67.925548, 23.982367], [67.925873, 23.982449]], [[67.925873, 23.982449], [67.926768, 23.984931]], [[68.024506, 23.933661], [68.022065, 23.949327], [68.016368, 23.968085], [68.016612, 23.978949], [68.02003, 23.994574], [68.018891, 24.001492], [68.013927, 24.00963], [68.007091, 24.015937], [67.999278, 24.018744], [67.990733, 24.018581], [67.981456, 24.015937], [67.973155, 24.010932], [67.966726, 24.005235], [67.956391, 23.999457]], [[67.65089, 23.93122], [67.668712, 23.943712], [67.707612, 23.947455], [67.725515, 23.953559], [67.731375, 23.965155], [67.728933, 23.980333], [67.722667, 23.997382], [67.719249, 24.015001], [67.719819, 24.049994], [67.71339, 24.066433]], [[67.857514, 23.909491], [67.857514, 23.915351], [67.86085, 23.9324], [67.862722, 23.938015], [67.868175, 23.944525], [67.875662, 23.949083], [67.884044, 23.952175], [67.910167, 23.957709], [67.915538, 23.960883], [67.919526, 23.965115], [67.925873, 23.982449]]]}}]}